,EPDL97 Energy [keV],S08 EPDL97 EA [cm^2],S09 EPDL97 EA [cm^2],S10 EPDL97 EA [cm^2],S08+S09+S10 EA [cm^2]
0,1.0,2.2919808875065284,2.087484332899012,1.8120491880334575,6.191514408438998
1,1.03808,2.291111951958373,2.0867541187393335,1.8115073834745945,6.189373454172301
2,1.0761500000000002,2.290518945804339,2.0862636435658146,1.811159487915746,6.187942077285899
3,1.11423,2.290194607744582,2.086010707938215,1.8110055013569113,6.187210817039708
4,1.1522999999999999,2.2891707644663932,2.085146327923897,1.8103629401607861,6.184680032551077
5,1.1903800000000002,2.2874788816024356,2.08370129568622,1.8092565182195293,6.180436695508185
6,1.22846,2.285975792534457,2.0824212214665425,1.8082812700135762,6.176678284014575
7,1.26653,2.2846614972624555,2.0813061052648654,1.8074409976801817,6.173408600207503
8,1.3046099999999998,2.2835384162197143,2.080358146521427,1.806737602287974,6.170634165029115
9,1.3426900000000002,2.282604128972951,2.0795795446764687,1.8061710838369525,6.168354757486372
10,1.38076,2.2814108553650385,2.0785722010465513,1.80542396386631,6.1654070202779
11,1.4188399999999999,2.279007365116241,2.0765091261014352,1.8038308683563904,6.159347359574067
12,1.4569100000000001,2.276715214798404,2.0745450259671196,1.8023176177288296,6.153577858494353
13,1.49499,2.2745392452780933,2.072682100083844,1.800886113052255,6.148107458414192
14,1.53307,2.2724818769885884,2.0709225478918474,1.7995439586011774,6.142948383481613
15,1.5711400000000002,2.270547950796454,2.0692729677118513,1.7982873522383411,6.138108270746646
16,1.60922,2.268739887134972,2.0677355589840944,1.7971238982382567,6.133599344357323
17,1.64729,2.2660822513915884,2.0654569388954593,1.795365409757737,6.126904600044785
18,1.6853699999999998,2.2632914918177076,2.0630617484741043,1.7935175710517204,6.1198708113435325
19,1.7234500000000001,2.2596003310630084,2.0598769590065915,1.7910366764927168,6.1105139665623165
20,1.76152,2.2559333746411268,2.0567163633817183,1.7885766936886167,6.101226431711462
21,1.7995999999999999,2.252036477057477,2.0533534192547656,1.7859551200511716,6.091345016363414
22,1.83768,2.2462274371812287,2.048318900545416,1.7819932930312763,6.076539630757922
23,1.87575,2.2402707508747923,2.0431546148619075,1.7779307093741188,6.061356075110819
24,1.91383,2.232564091305637,2.036457319331122,1.7726381343149114,6.041659544951671
25,1.9519000000000002,2.221570483339837,2.0268831559664227,1.7650376619418107,6.01349130124807
26,1.98998,2.201989178090317,2.0097847075406996,1.7513936924016047,5.963167578032621
27,2.02806,2.096027449880987,1.9168891495642602,1.6767045081608907,5.689621107606138
28,2.0661300000000002,1.9331129265516078,1.7735494296835297,1.5606936962309035,5.267356052466041
29,2.10421,1.9525780510036026,1.7907292573981326,1.574679858124075,5.3179871665258105
30,2.1422800000000004,1.9416425334365655,1.7811243018700733,1.566934904535278,5.289701739841917
31,2.1803600000000003,1.9635982837355015,1.8005145670258715,1.5827403891050522,5.346853239866426
32,2.21844,1.9754124185838213,1.810972905367049,1.591306604340968,5.3776919282918385
33,2.25651,1.9827971605265018,1.817533835602955,1.5967113424492034,5.39704233857866
34,2.2945900000000004,1.9874976419596992,1.8217303675808656,1.6002036055180844,5.409431615058649
35,2.3326700000000002,1.9919028305325208,1.8256695650506973,1.6034829489006752,5.421055344483893
36,2.3707399999999996,1.995983681045585,1.8293206358490894,1.606536065116583,5.4318403820112575
37,2.40882,1.9995296158033782,1.8325054253166024,1.6092127697442282,5.441247810864208
38,2.44689,2.003070709694608,1.8356880153438755,1.6118894743718735,5.450648199410358
39,2.4849699999999997,2.0009697736060312,1.8339042693092393,1.6105473199207958,5.445421362836067
40,2.52305,1.98677393240845,1.8214708336325462,1.600570511763209,5.408815277804205
41,2.56112,1.9758626191742306,1.811920864110487,1.5929149083999083,5.380698391684626
42,2.5991999999999997,1.9879647855830809,1.8226431352804637,1.6017092518711347,5.41231717273468
43,2.63727,1.9950663368317942,1.8289643265302102,1.6069390916656319,5.430969755027636
44,2.67535,2.0006526968461196,1.8339548564347594,1.6110891244796586,5.445696677760537
45,2.71343,2.0032207765580776,1.836286263089154,1.613089048675882,5.452596088323114
46,2.7515,2.0058880940345882,1.838705647353149,1.615161213479954,5.459754954867691
47,2.78958,2.0079478827573745,1.8405949665193049,1.6168018357055631,5.4653446849822425
48,2.82766,2.008124574386944,1.8408237083042644,1.6171041056173499,5.466052388308558
49,2.86573,2.006531929287539,1.8394974458395472,1.6161459670290452,5.462175342156131
50,2.90381,1.9993819693731902,1.8332774288408409,1.6112202982149622,5.4438796964289935
51,2.9418800000000003,1.998544499457698,1.8326153973286023,1.6107963599110098,5.44195625669731
52,2.97996,2.001395769863623,1.8352019390508365,1.613011104862151,5.449608813776611
53,3.01804,2.0019887760176567,1.8358023862363553,1.6136194468229794,5.451410609076992
54,3.0561100000000003,2.0026568156034252,1.8364710160693138,1.614282919774008,5.453410751446747
55,3.09419,2.0021727289470714,1.8361257039516345,1.6141270321465457,5.452425465045252
56,3.13226,1.9999677142273788,1.8342649775085986,1.6127449552542885,5.446977646990266
57,3.17034,1.997435941014647,1.8321183238343632,1.611129046920838,5.440683311769848
58,3.2084200000000003,1.9960974414098283,1.8310208031546056,1.6103629162639197,5.437481160828353
59,3.2464899999999997,1.9967412766627792,1.8316696380254043,1.6110168838718102,5.4394277985599935
60,3.28457,1.996552482866801,1.8315882587365244,1.6110796191365206,5.439220360739847
61,3.32265,1.9964193590363035,1.8315574665731644,1.6111860789796657,5.439162904589134
62,3.3607199999999997,1.9963419051712872,1.8315750620950844,1.6113343623326175,5.439251329598989
63,3.3988,1.9960659757771653,1.831418901838045,1.6113419666071278,5.438826844222338
64,3.43687,1.9954197200909325,1.8309372244254858,1.611087223411031,5.437444167927449
65,3.4749499999999998,1.9948339752367443,1.8305127324591666,1.6108781058619963,5.436224813557907
66,3.51303,1.9943087412146001,1.8301410270586076,1.610716515028651,5.435166283301859
67,3.5511,1.9938464384577823,1.8298221082238084,1.6105986487737407,5.434267195455331
68,3.58918,1.9931687171388865,1.8293184364088493,1.6103305980972504,5.432817751644986
69,3.62725,1.9924353258545102,1.8287641774683705,1.6100245260482087,5.431224029371089
70,3.66533,1.9917648658354599,1.8282671039741316,1.609764079646229,5.42979604945582
71,3.70341,1.991154916648454,1.8278272159261324,1.6095530610285667,5.428535193603153
72,3.74148,1.9906103191600555,1.8274401144438934,1.6093857669893388,5.427436200593288
73,3.77956,1.989099968792231,1.826206228469256,1.6085321871755514,5.423838384437039
74,3.81764,1.9872604394980857,1.8246820163829394,1.6074447759205706,5.419387231801595
75,3.85571,1.9854596371364488,1.8231951947807026,1.606387781763631,5.415042613680782
76,3.89379,1.9836975617073203,1.8217391653418256,1.6053593036361054,5.410796030685251
77,3.93186,1.9819742132106999,1.8203205263870286,1.6043593415379938,5.406654081135723
78,3.9699400000000002,1.980289591646588,1.8189348790358317,1.6033897965379234,5.402614267220343
79,4.00802,1.9786412765817027,1.8175844227284748,1.602446866498639,5.398672565808816
80,4.04609,1.9769130872185188,1.8161613848931977,1.601448805469155,5.394523277580872
81,4.08417,1.975100182690473,1.8146679649702409,1.6003937123808432,5.390161860041557
82,4.12224,1.973330845961499,1.8132097360911241,1.5993690363905728,5.385909618443196
83,4.16032,1.9715978157317515,1.811786698255847,1.5983747774983437,5.381759291485942
84,4.1983999999999995,1.9699035124345128,1.81039665202417,1.597407133566901,5.377707298025584
85,4.236470000000001,1.968247936069782,1.809043996276573,1.5964699067334998,5.3737618390798545
86,4.2745500000000005,1.9666310866375596,1.807724332132576,1.5955630969981396,5.369918515768275
87,4.31262,1.9650529641378456,1.8064376595921787,1.594682902223566,5.36617352595359
88,4.3507,1.9629471871827053,1.8046913040416226,1.593430097997985,5.361068589222313
89,4.38878,1.9604154139699739,1.802566644769787,1.591871221723362,5.354853280463122
90,4.42685,1.95790784509006,1.8004639799003517,1.590331356135015,5.348703181125426
91,4.464930000000001,1.9554220601096823,1.798381109993076,1.588808600164316,5.342611770267074
92,4.503010000000001,1.9529604794621223,1.7963202344882006,1.5873029538112657,5.336583667761588
93,4.54108,1.9505231031473798,1.794281353385725,1.585816318144491,5.330620774677596
94,4.57916,1.9481050902988912,1.7922622672454094,1.5843486931639925,5.324716050708293
95,4.617229999999999,1.9457137022165025,1.7902629760672537,1.5828962767325145,5.318872955016271
96,4.65531,1.943341677600368,1.7882856792914978,1.5814628709873124,5.3130902278791785
97,4.69339,1.9409962777503327,1.7863259780376621,1.5800465748597587,5.3073688306477536
98,4.73146,1.9386702413665517,1.7843904706264664,1.5786473883498533,5.301708100342871
99,4.76954,1.9362425467849365,1.7823647861654306,1.577177862300727,5.295785195251094
100,4.80762,1.9338196930698845,1.7803391017043952,1.5757102373202283,5.289869032094508
101,4.845689999999999,1.9314186232543686,1.7783376110859992,1.5742616230260056,5.284017857366374
102,4.88377,1.9290417577716703,1.7763581148700038,1.5728320194180587,5.278231892059733
103,4.92184,1.926403485494541,1.7741454779885684,1.5712142100159805,5.271763173499091
104,4.95992,1.9233585804260742,1.7715765317882541,1.5693074381825087,5.264242550396837
105,4.998,1.9203281979572981,1.7690207822293795,1.5674101716921751,5.256759151878852
106,5.03607,1.9173099176549309,1.766476029871705,1.5655224105449792,5.249308358071615
107,5.0741499999999995,1.9143061599522542,1.7639422747152307,1.563646055809549,5.241894490477034
108,5.112220000000001,1.9113120839827047,1.761419516759956,1.5617792064172566,5.234510807159918
109,5.1503000000000005,1.9083325306128456,1.7589077560058812,1.5599218623681024,5.227162148986829
110,5.18838,1.9053650794093957,1.7564091918932467,1.5580740236620858,5.219848294964728
111,5.22645,1.9024097303723544,1.7539216249818121,1.556237591367835,5.212568946722001
112,5.26453,1.8994664835017219,1.7514450552715775,1.5544087633480943,5.205320302121394
113,5.3026,1.896465146232327,1.748917898435823,1.5525419139558019,5.197924958623952
114,5.34068,1.893463808962932,1.7463885421598284,1.550673163494882,5.190525514617643
115,5.378760000000001,1.890476994293228,1.743874581965514,1.5488177205143554,5.183169296773097
116,5.41683,1.8875022817899325,1.7413716189723993,1.5469698818083388,5.175843782570671
117,5.45491,1.8845420918863276,1.7388796531804847,1.545133449514088,5.1685551945809
118,5.49299,1.881594004149132,1.73640088403001,1.5433084236316024,5.1613033118107445
119,5.53106,1.8784087139503223,1.7337109686164958,1.541312301572634,5.153431984139452
120,5.56914,1.8748603587592474,1.7307021343681823,1.539055733111686,5.144618226239116
121,5.60721,1.871316844434736,1.7276976990003488,1.5368029667879932,5.135817510223078
122,5.64529,1.86778059141007,1.7246998619532352,1.5345540026015554,5.127034455964861
123,5.68337,1.8642491792519675,1.7217042243463618,1.5323107416210007,5.11826414521933
124,5.721439999999999,1.8607226079604284,1.7187151850602083,1.5300712827777008,5.1095090757983375
125,5.75952,1.8572008775354532,1.7157305446545346,1.5278356260716563,5.100767048261644
126,5.7976,1.8536864084103228,1.7127525025695811,1.5256056725714944,5.092044583551398
127,5.83567,1.8501767801517566,1.7097788593651075,1.5233795212085879,5.0833351607254516
128,5.87375,1.8466719927597535,1.706809615041114,1.5211590730515638,5.074640680852431
129,5.91182,1.8431575236346232,1.7038293735159205,1.518929119551402,5.065916016701946
130,5.9498999999999995,1.8396019071437029,1.7008161403871267,1.5166706500218263,5.057088697552656
131,5.987979999999999,1.8360511315193462,1.6978073061388135,1.5144178836981335,5.048276321356293
132,6.026050000000001,1.8325100376281167,1.6948050702112196,1.5121708205803235,5.03948592841966
133,6.0641300000000005,1.8289713641701688,1.6918072331641063,1.5099275595997683,5.030706156934044
134,6.1022,1.825442372445348,1.6888159944377128,1.5076900018250963,5.021948368708157
135,6.14028,1.8219182215870906,1.685831354032039,1.5054581472563067,5.013207722875436
136,6.17836,1.8184037524619607,1.6828511125068457,1.5032300948247725,5.0044849597935785
137,6.21643,1.814894124203394,1.679877469302372,1.501007745599121,4.995779339104887
138,6.25451,1.811389336811391,1.6769104244186186,1.4987910995793525,4.987090860809362
139,6.292590000000001,1.807894231152515,1.6739499778555849,1.4965801567654664,4.9784243657735665
140,6.33066,1.8044063867934843,1.6709961296132712,1.4943730160888358,4.969775532495591
141,6.36874,1.8009233833010172,1.6680466802514375,1.4921734796867152,4.96114354323917
142,6.40681,1.7973605055102517,1.6650268488019242,1.489913109088512,4.952300463400688
143,6.44489,1.7933087001965686,1.6615737276251317,1.4872991397255773,4.942181567547277
144,6.48297,1.7892568948828858,1.658120606448339,1.4846851703626425,4.932062671693867
145,6.52104,1.7852050895692024,1.6546674852715466,1.4820712009997077,4.9219437758404565
146,6.55912,1.7811557046888011,1.6512165635349938,1.4794591327054003,4.911831400929195
147,6.597189999999999,1.7771087402416814,1.6477656417984414,1.4768470644110931,4.901721446451216
148,6.63527,1.7730617757945621,1.644316919502129,1.474234996116786,4.891613691413477
149,6.67335,1.7690148113474427,1.6408681972058163,1.4716248288911065,4.8815078374443654
150,6.71142,1.7649412221342236,1.6373930816266238,1.4689937499105234,4.871328053671371
151,6.7495,1.760860371621159,1.6339157666071913,1.4663588687926852,4.861135007021035
152,6.78758,1.7567843619746584,1.6304384515877588,1.4637258887434745,4.8509487023058915
153,6.8256499999999996,1.7527083523281577,1.6269633360085662,1.461092908694264,4.840764597030987
154,6.863729999999999,1.7486371835482202,1.6234904198696136,1.4584637307823083,4.830591334200142
155,6.901800000000001,1.744566014768283,1.6200197031709014,1.455832651801725,4.82041836974091
156,6.9398800000000005,1.7404972664216276,1.616548986472189,1.4532053749583973,4.810251627852214
157,6.97796,1.7364309385082537,1.6130804692137162,1.4505780981150693,4.800089505837039
158,7.01603,1.7323670310281618,1.6096163508357237,1.447952722340369,4.789936104204254
159,7.05411,1.7283079644146337,1.6061522324577313,1.4453292476342963,4.779789444506662
160,7.09218,1.7242488978011052,1.6026903135199788,1.4427076739968512,4.769646885317935
161,7.13026,1.7201946720541403,1.5992327934627062,1.4400880014280337,4.7595154669448805
162,7.16834,1.716142866740457,1.5957752734054336,1.437468328859216,4.749386469005107
163,7.20641,1.712093481860056,1.5923221522286413,1.4348524584276536,4.739268092516351
164,7.24449,1.708048937846218,1.5888690310518485,1.4322365879960912,4.729154556894158
165,7.28257,1.7040043938323803,1.585420308755536,1.429624519701784,4.7190492222897005
166,7.32064,1.6999671111183878,1.5819759853397035,1.4270143524761045,4.708957448934196
167,7.35872,1.695501411713522,1.5781489593221119,1.4240905089268727,4.697740879962507
168,7.39679,1.691028451008811,1.57431753442404,1.421160962171758,4.686506947604609
169,7.43487,1.6865530698708182,1.5704839100857282,1.4182314154166435,4.67526839537319
170,7.47295,1.682080109166107,1.5666502857474165,1.4152999675929014,4.664030362506425
171,7.51102,1.677607148461396,1.5628166614091048,1.4123685197691593,4.65279232963966
172,7.5491,1.673134187756685,1.558983037070793,1.4094370719454172,4.641554296772895
173,7.58717,1.6686588066186923,1.5551494127324814,1.4065037230530475,4.630311942404221
174,7.62525,1.6641858459139809,1.5513135889539298,1.4035703741606778,4.619069809028589
175,7.66333,1.6597032034761428,1.547468967414418,1.40062751992517,4.607799690815731
176,7.7014,1.6551963567054868,1.5436045509127463,1.3976694571406416,4.596470364758875
177,7.7394799999999995,1.650691930368113,1.5397401344110748,1.3947094932874857,4.585141558066674
178,7.77755,1.646185083597457,1.5358757179094031,1.3917476283657022,4.573808429872562
179,7.8156300000000005,1.6416830776933646,1.5320113014077315,1.388787664512546,4.562482043613642
180,7.85371,1.6371786513559905,1.5281468849060598,1.3858277006593902,4.55115323692144
181,7.89178,1.6326790658851802,1.524284667844628,1.382867736806234,4.5398314705360425
182,7.92986,1.6281794804143694,1.5204224507831965,1.3799077729530782,4.528509704150644
183,7.96794,1.623679894943559,1.5165624331620047,1.3769478090999223,4.517190137205486
184,8.00601,1.619185150339312,1.512702415540813,1.3739878452467662,4.505875411126891
185,8.04409,1.614690405735065,1.5088423979196213,1.3710278813936103,4.494560685048297
186,8.08216,1.610195661130818,1.5049845797386698,1.3680679175404544,4.483248158409942
187,8.120239999999999,1.6057057573931344,1.5011289609979581,1.365109854755926,4.471944573147018
188,8.15832,1.6012182740887326,1.4972733422572464,1.3621517919713977,4.4606434083173765
189,8.19639,1.596730790784331,1.4934199229567748,1.3591937291868692,4.449344442927975
190,8.23447,1.5922481483464928,1.489568703096543,1.3562375674709684,4.438054418914004
191,8.272540000000001,1.5877679263419366,1.4857174832363114,1.35327950468644,4.426764914264688
192,8.31062,1.5832901247706619,1.4818684628163197,1.3503252440391667,4.415483831626148
193,8.348700000000001,1.5786549950360722,1.4778830771014482,1.347253117136983,4.403791189274504
194,8.38677,1.5738189693390956,1.4737129384064172,1.3440327068818474,4.39156461462736
195,8.424850000000001,1.568982943642119,1.4695449991516263,1.3408084944894567,4.379336437283202
196,8.46293,1.5641469179451424,1.4653748604565953,1.3375842820970658,4.367106060498804
197,8.501,1.5593108922481658,1.4612047217615642,1.334360069704675,4.354875683714405
198,8.53908,1.554477286984471,1.4570367825067734,1.3311339562436566,4.342648025734901
199,8.57715,1.5496436817207762,1.4528666438117424,1.3279059417140104,4.3304162672465285
200,8.61523,1.5448100764570816,1.4486965051167113,1.3246779271843643,4.318184508758157
201,8.65331,1.5399788916266681,1.4445263664216803,1.3214499126547183,4.305955170703067
202,8.691379999999999,1.5351307637632827,1.4403430310852094,1.3182085906446794,4.293682385493171
203,8.72946,1.5302584315670797,1.4361377013463383,1.3149482579483642,4.281344390861783
204,8.76754,1.5253885198041583,1.4319301721672275,1.3116879252520492,4.269006617223435
205,8.80561,1.520518608041237,1.4277248424283566,1.3084256914871066,4.2566691419567
206,8.84369,1.5156511167115974,1.4235217121297257,1.305163457722164,4.244336286563486
207,8.88176,1.5107860458152393,1.4193185818310947,1.3019012239572214,4.232005851603556
208,8.91984,1.5059209749188818,1.415115451532464,1.2986389901922788,4.219675416643625
209,8.95792,1.5010607448890874,1.4109145206740727,1.2953767564273362,4.207352021990496
210,8.995989999999999,1.496200514859293,1.406713589815682,1.292112621593766,4.195026726268741
211,9.03407,1.4913451256960624,1.402514858397531,1.2888503878288233,4.182710371922417
212,9.07214,1.4864897365328316,1.3983183264196202,1.2855881540638807,4.170396217016332
213,9.11022,1.4816391882361644,1.3941217944417093,1.282325920298938,4.158086902976812
214,9.148299999999999,1.476791060372779,1.3899274619040383,1.2790655876026231,4.14578410987944
215,9.18637,1.4719453529426754,1.3857353288066074,1.2758033538376805,4.133484035586964
216,9.224450000000001,1.4671020659458534,1.3815453951494163,1.2725430211413653,4.121190482236635
217,9.26253,1.4622636198155952,1.3773554614922252,1.2692826884450505,4.108901769752871
218,9.300600000000001,1.4574275941186183,1.3731699267155144,1.2660223557487353,4.096619876582868
219,9.33868,1.4525939888549235,1.3689865913790435,1.262763924121048,4.084344504355015
220,9.37675,1.4477652244577923,1.3648032560425727,1.2595054924933606,4.072073972993726
221,9.41483,1.442938880493943,1.3606243195865817,1.256247060865673,4.059810260946198
222,9.45291,1.438117377396657,1.3564475825708306,1.2529905303066131,4.0475554902741
223,9.49098,1.4333007151659345,1.3522730449953195,1.249735900816181,4.035309660977435
224,9.52906,1.4284864733684937,1.3481007068600483,1.2464812713257487,4.023068451554291
225,9.567129999999999,1.4235729938065005,1.3438403911151777,1.243150599090213,4.010563984011891
226,9.60521,1.4183956870167944,1.3393425358243876,1.2396241167860353,3.997362339627217
227,9.64329,1.41322080066037,1.334846879973837,1.236097634481858,3.9841653151160648
228,9.68136,1.408050755170509,1.3303534235635268,1.2325711521776803,3.970975330911716
229,9.71944,1.4028807096806482,1.3258621665934565,1.229044669873503,3.9577875461476073
230,9.757520000000001,1.3977155050573509,1.3213709096233863,1.2255181875693255,3.9446046022500627
231,9.79559,1.3925503004340536,1.316879652653316,1.221991705265148,3.9314216583525177
232,9.83367,1.38738993667732,1.3123927945637255,1.2184652229609705,3.918247954202016
233,9.871739999999999,1.3822344137871496,1.3079059364741354,1.214938740656793,3.905079090918078
234,9.90982,1.3770788908969793,1.3034212778247851,1.2114122583526155,3.89191242707438
235,9.947899999999999,1.3719282088733724,1.2989410180559149,1.2078857760484383,3.8787550029777256
236,9.98597,1.3667823677163295,1.2944607582870444,1.2043611948128883,3.865604320816262
237,10.024,1.3616365265592865,1.2899826979584141,1.2008366135773383,3.8524558380950387
238,10.062100000000001,1.3564979467020886,1.2855068370700238,1.1973120323417883,3.8393168161139
239,10.100200000000001,1.3513617872781722,1.2810331756218734,1.1937874511062385,3.826182414006284
240,10.1383,1.3462280482875382,1.276563913054203,1.1902647709393162,3.8130567322810576
241,10.1764,1.341101570596749,1.2720946504865327,1.1867420907723938,3.7999383118556755
242,10.2144,1.33589279817438,1.2675572052714223,1.1831604774780162,3.7866104809238186
243,10.2525,1.3306477192527841,1.2629845690124724,1.1795522492228525,3.773184537488109
244,10.2906,1.325407481197752,1.2584141321937623,1.1759421198990612,3.7597637332905753
245,10.328700000000001,1.3201696635760016,1.2538480942555321,1.1723357927125249,3.746353550544059
246,10.366700000000002,1.3149366868208148,1.2492842557575419,1.1687275644573611,3.732948507035718
247,10.4048,1.3097085509321913,1.2447226166997918,1.1651231383394527,3.7195543059714358
248,10.4429,1.3044852559101314,1.2401653765225216,1.161518712221544,3.706169344654197
249,10.481,1.2992668017546354,1.2356103357854913,1.157916187172263,3.6927933247123894
250,10.519,1.2940507680324207,1.2310596939289413,1.1543136621229817,3.6794241240843437
251,10.5571,1.2888419956100514,1.226511251512631,1.1507149392109561,3.6660681863336384
252,10.5952,1.283638064054246,1.221967207976801,1.1471162162989301,3.652721488329977
253,10.633299999999998,1.2782211343696446,1.217236212020571,1.143365407896697,3.6388227542869127
254,10.671299999999999,1.2727896820853526,1.2124920194229014,1.1396031930826986,3.624884894590952
255,10.7094,1.2673606502343422,1.2077478268252317,1.1358428793373279,3.6109513563969013
256,10.7475,1.2619364592498956,1.2030102325482819,1.1320825655919569,3.597029257390134
257,10.7856,1.2565146886987306,1.198272638271332,1.128322251846586,3.5831095788166487
258,10.8236,1.251097759014129,1.1935372434346223,1.1245638391698427,3.569198841618594
259,10.8617,1.2455210807329309,1.188665483303033,1.1206951645126992,3.554881728548663
260,10.899799999999999,1.2396224848252573,1.183509995380484,1.1165964605516172,3.5397289407573584
261,10.937899999999999,1.2325572400757705,1.1773141722244174,1.1116327703649826,3.5215041826651703
262,10.976,1.2253322467296868,1.1709753854527511,1.1065474117861822,3.50285504396862
263,11.014,1.2163766435871377,1.163105788274048,1.100207347913173,3.479689779774359
264,11.052100000000001,1.2032409521669714,1.151508139888553,1.090764740039939,3.445513832095463
265,11.090200000000001,1.1838097137809214,1.1342843233691504,1.0766321958624427,3.3947262330125145
266,11.1283,1.1571026529498705,1.1105501637393618,1.0570454857923939,3.324698302481626
267,11.1663,1.1226332625841828,1.0798415791085478,1.0315882758003505,3.234063117493081
268,11.2044,1.0876168542968154,1.0485347467324555,1.0054866035435543,3.141638204572825
269,11.2425,1.0547231659975602,1.0190402531141192,0.9807765135221533,3.0545399326338325
270,11.2806,1.0281589107301339,0.9950971466615309,0.9605643518736277,2.9838204092652925
271,11.3186,1.010809244966406,0.9794393315930048,0.9473329142256087,2.9375814907850195
272,11.3567,0.9992734599454899,0.9690139848554272,0.9385138568622237,2.906801301663141
273,11.3948,0.9930432646782137,0.9633834178410394,0.9337744927736444,2.8902011752928978
274,11.4329,0.9903178568029405,0.9609288425332047,0.9317460525480071,2.8829927518841525
275,11.4709,0.9885485200739667,0.9593826360444881,0.9305407750381156,2.8784719311565703
276,11.509,0.9862733127891028,0.9573877437468123,0.9289704923517272,2.872631548887642
277,11.5471,0.9839787420379847,0.9553752559272167,0.9273831000476904,2.8667370980128917
278,11.5852,0.9811758802976951,0.952916281738902,0.9254326036357842,2.8595247656723815
279,11.6232,0.977828421069007,0.9499756301380283,0.9230866849493394,2.8508907361563747
280,11.661299999999999,0.9744809618403191,0.9470327790969147,0.9207388651942671,2.8422526061315008
281,11.699399999999999,0.9711310821783493,0.944089928055801,0.9183891443705672,2.8336101546047177
282,11.7375,0.9677836229496612,0.9411470770146874,0.9160375224782397,2.824968222442588
283,11.7756,0.9640561556957353,0.9378677116168546,0.9134121467035393,2.815336014016129
284,11.813600000000001,0.9601060085798866,0.934394795477902,0.9106270811641215,2.80512788522191
285,11.851700000000001,0.9561631227638832,0.9309284776596695,0.9078439166933314,2.794935517116884
286,11.8898,0.952227498247725,0.927464359281677,0.9050664554284239,2.784758312957826
287,11.9279,0.9482967145981305,0.9240068392244044,0.9022889941635165,2.7745925479860514
288,11.9659,0.9443756126816629,0.920553718047612,0.8995153350358642,2.764444665765139
289,12.004,0.940459351631759,0.9171071951915393,0.8967454780454671,2.7543120248687654
290,12.0421,0.9365503518817002,0.9136650712159468,0.8939775221236976,2.7441929452213447
291,12.080200000000001,0.9323097527720392,0.9099326211286748,0.890973833692107,2.7332162075928212
292,12.1182,0.9280013815304884,0.9061385867146831,0.8879188164075718,2.7220587846527433
293,12.1563,0.9237002715887831,0.9023533500616512,0.884869502328919,2.710923123979353
294,12.1944,0.919406422946923,0.8985725122890994,0.8818239903875216,2.699802925623544
295,12.2325,0.9151222560381899,0.8948004722775076,0.8787841816520069,2.688706909967704
296,12.2705,0.910847770862584,0.8910350305866357,0.8757481750537472,2.677630976502967
297,12.3086,0.9065805469868234,0.8872761872164837,0.8727178716613706,2.6665746058646778
298,12.3467,0.902025291550532,0.8832688070992124,0.8694841539258418,2.654778252575586
299,12.384799999999998,0.8973199692507711,0.8791272611273013,0.8661458774157956,2.642593107793868
300,12.422799999999999,0.8926219082508554,0.8749945129163503,0.8628114030430045,2.6304278242102104
301,12.460899999999999,0.887931108550785,0.8708661635858792,0.8594826318760963,2.6182799040127605
302,12.499,0.8832499905838418,0.8667488114566081,0.8561576628464432,2.606156464886893
303,12.5371,0.878573713483462,0.862635858207817,0.8528402980913006,2.5940498697825793
304,12.5752,0.8733867249606287,0.8580786180305469,0.8491674335027988,2.5806327764939745
305,12.6132,0.8669967810967557,0.8524458515759189,0.8445896602475647,2.5640322929202393
306,12.651299999999999,0.8586438658413672,0.845033737967135,0.8384853288843765,2.5421629326928787
307,12.6894,0.8502715871197246,0.837604028836431,0.8323676900407954,2.520243305996951
308,12.7275,0.8404930366613734,0.8288986443665298,0.8251512335304677,2.494542914558371
309,12.7655,0.825813108807438,0.8157283962094383,0.8140889151865278,2.455630420203404
310,12.803600000000001,0.811181589619138,0.8025933390961867,0.803043706460236,2.4168186351755607
311,12.841700000000001,0.7968477837244956,0.7896914226483744,0.7921505832241513,2.378689789597021
312,12.8798,0.7833296638458098,0.777449338272561,0.7817213207331984,2.3425003228515693
313,12.9178,0.7700051786296657,0.7653656135940271,0.7714080234285285,2.3067788156522213
314,12.9559,0.7579756252192684,0.7543992045574108,0.7619787230356874,2.2743535528123666
315,12.994,0.7520915519112854,0.7490611630949423,0.757438971153005,2.2585916861592326
316,13.0321,0.7463938519659986,0.7438902790907135,0.7530398983487643,2.2433240294054766
317,13.0701,0.7407251972200932,0.7387457883693646,0.7486617372994269,2.2281327228888843
318,13.1082,0.736569313275294,0.7349891444394526,0.7454945569658638,2.2170530146806104
319,13.1463,0.7322827259332791,0.731151121220661,0.7423007616715143,2.2057346088254546
320,13.1844,0.7274031324372308,0.7267962295454704,0.7386887312790953,2.1928880932617965
321,13.2224,0.7225332206743094,0.7224501356312397,0.7350824040925591,2.1800657603981084
322,13.2605,0.7176729906445151,0.7181106400377291,0.7314836811805332,2.167267311862777
323,13.2986,0.7099760128084862,0.7111626083195841,0.7255979727095179,2.146736593837588
324,13.3367,0.7020878207431976,0.7040342225017596,0.7195487723365298,2.125670815581487
325,13.3747,0.694240776043699,0.6969410277277748,0.7135242858557005,2.1047060896271743
326,13.412799999999999,0.6871561678279581,0.6905054655855487,0.7080263953847133,2.08568802879822
327,13.450899999999999,0.6806088958007701,0.6845361847742016,0.7028973122274784,2.0680423928024503
328,13.489,0.6741124528724992,0.6786086933274145,0.6978005472369125,2.0505216934368264
329,13.5271,0.667724929441908,0.672777977251187,0.6927817260600776,2.0332846327531726
330,13.565100000000001,0.6649099655352093,0.6702530198556725,0.6906829462952194,2.025845931686101
331,13.603200000000001,0.6620950016285109,0.667728062460158,0.6885803643931061,2.0184034284817747
332,13.6413,0.659282458155094,0.6652009056244034,0.6864758814223652,2.0109592452018625
333,13.6794,0.6564699146816773,0.6626759482288888,0.6843694973829966,2.0035153602935623
334,13.7174,0.6533935439805474,0.6599200496081747,0.6820768086181244,1.9953904022068465
335,13.7555,0.649956528720434,0.6568496310331414,0.6795293766571552,1.9863355364107305
336,13.7936,0.6465243543268839,0.653785810778828,0.6769857468334411,1.9772959119391529
337,13.831700000000001,0.6430970207998976,0.6507241899647547,0.6744440180783547,1.968265228843007
338,13.8697,0.6396793690060382,0.6476691674714012,0.6719060914605235,1.959254627937963
339,13.9078,0.6362641376454606,0.6446185438585278,0.66937006591132,1.9502527474153084
340,13.9459,0.6328561675847284,0.6415723191261344,0.6668359414307439,1.9412644281416067
341,13.984,0.6293078123936535,0.6384183218219813,0.664231477410947,1.9319576116265818
342,14.022,0.6257691389357056,0.635273122278788,0.6616327165970329,1.9226749778115266
343,14.0601,0.6222353063443214,0.6321323216160748,0.659037757920374,1.9134053858807705
344,14.0982,0.6187087350527823,0.6289981192740816,0.6564466013809703,1.9041534557078341
345,14.136299999999999,0.6151894250610886,0.6258683158125683,0.6538592469788218,1.8949169878524788
346,14.174299999999999,0.6116773763692404,0.622747310112015,0.651277595782556,1.8857022822638112
347,14.212399999999999,0.6081725889772372,0.6196307032919417,0.6486997467235454,1.8765030389927242
348,14.2505,0.6046726424517977,0.6165206947925885,0.6461256998017899,1.867319037046176
349,14.2886,0.6011799572262035,0.6134172846139553,0.6435573560859174,1.8581545979260763
350,14.3267,0.5976025568357475,0.6102412929074021,0.6409300792425894,1.848773928985739
351,14.364700000000001,0.5939404412804293,0.606994919113169,0.6382457703404337,1.839181130734032
352,14.4028,0.5902855870249565,0.603752944199416,0.635567164644161,1.8296056958685334
353,14.4409,0.5866355736360472,0.6005175676063831,0.632894262153771,1.8200474033962013
354,14.479,0.5829928215469833,0.5972887893340701,0.6302251618006361,1.8105067726816895
355,14.517,0.5793549103244828,0.594066609382477,0.6275598635847564,1.8009813832917163
356,14.5551,0.5757242604018278,0.590851027751604,0.6249021696433871,1.7914774577968187
357,14.593200000000001,0.5720984513457362,0.5876398450012109,0.622248277839273,1.7819865741862202
358,14.6313,0.56847990358949,0.5844374600117778,0.619598188172414,1.7725155517736817
359,14.6693,0.5648032654344812,0.5811866873370648,0.6169138792702583,1.7629038320418045
360,14.7074,0.5610854799136824,0.577900723618512,0.6142010543386889,1.7531872578708831
361,14.7455,0.5573725352594472,0.5746235576609191,0.6114958336816299,1.7434919266019961
362,14.7836,0.5536668519050572,0.571350790583806,0.6087944151618261,1.7338120576506892
363,14.8216,0.549963588983949,0.5680846218274131,0.6060986998479049,1.7241469106592668
364,14.8597,0.5462651669294043,0.5648228519515002,0.6034086877398666,1.714496706620771
365,14.8978,0.5425715857414232,0.5615698798365472,0.6007224777690834,1.7048639433470536
366,14.9359,0.5388828454200056,0.5583213066020742,0.5980438720728106,1.6952480240948904
367,14.9739,0.5351989459651516,0.5550771322480812,0.595369068513793,1.6856451467270257
368,15.012,0.5315198873768611,0.5518395562148083,0.5926999681606581,1.6760594117523273
369,15.0501,0.527835987922007,0.5486019801815353,0.5900308678075231,1.6664688359110653
370,15.0882,0.5240770550354181,0.5453050192617823,0.5873180428759538,1.6567001171731541
371,15.126299999999999,0.5203229630153927,0.5420146566627495,0.5846109211502671,1.6469485408284092
372,15.164299999999999,0.5165712914286492,0.5387286929441965,0.5819095026304633,1.637209487003309
373,15.202399999999999,0.5128220402751873,0.5354471281061236,0.5792118862479145,1.6274810546292255
374,15.2405,0.5090752095550073,0.5321699621485307,0.5765199730712486,1.6177651447747867
375,15.2786,0.5053283788348272,0.5288993945116577,0.573835664169093,1.608063437515578
376,15.316600000000001,0.5015863889812107,0.5256310263150248,0.571153256335565,1.5983706716318005
377,15.354700000000001,0.4978443991275942,0.5223692564391118,0.5684784527765474,1.5886921083432535
378,15.3928,0.4941024092739776,0.5191118854436789,0.5658093524234125,1.579023647141069
379,15.4309,0.49032653335441634,0.515830320605606,0.5631231424526294,1.5692799964126518
380,15.4689,0.4865119305023467,0.5125201630444132,0.5604179217955704,1.55945001534233
381,15.507,0.4826949072169953,0.5092122049234603,0.557718404344394,1.5496255164848498
382,15.5451,0.47887788393164393,0.5059086456829874,0.5550226890304729,1.5398092186451042
383,15.583200000000001,0.47505844021301075,0.5026094853229945,0.5523326769224346,1.5300006024584398
384,15.6212,0.4712365760610958,0.49931252440324164,0.5496483680202789,1.5201974684846165
385,15.6593,0.46741471190918094,0.4960199623639688,0.5469697623240062,1.5104044365971558
386,15.6974,0.46358800689070245,0.49272959976493585,0.5442968598336161,1.5006144664892545
387,15.7355,0.4597588814389422,0.489441436606143,0.5416277594804814,1.4908280775255665
388,15.7735,0.4559249151206184,0.4861554728875901,0.5389643623332292,1.4810447503414377
389,15.8116,0.45208610793573106,0.48287170860927714,0.5363066683918599,1.4712644849368681
390,15.8497,0.4482424598842802,0.4795923432114442,0.5336527765877457,1.46148757968347
391,15.887799999999999,0.44439397096626576,0.4763129778136113,0.5310045879895142,1.4517115367693914
392,15.9259,0.4405382207484061,0.47303361241577846,0.5283621025971657,1.4419339357613503
393,15.963899999999999,0.4366510048978834,0.46973885093626555,0.5257101118616792,1.4320999676958281
394,16.002,0.43271295994844344,0.4664110978531527,0.5230391104399167,1.422163168241513
395,16.0401,0.42876765369915826,0.46308114532979994,0.5203719111554094,1.4122207101843676
396,16.078200000000002,0.4248102452834642,0.4597533922466871,0.5177104150767848,1.4022740526069362
397,16.1162,0.42078748516916237,0.4563728525978144,0.5150070954883533,1.39216743325533
398,16.1543,0.41656866995903713,0.4528141582895021,0.5121478882724596,1.3815307165209987
399,16.1924,0.41234017301578485,0.44925546398118976,0.5092943842624487,1.3708900212594233
400,16.2305,0.4080971534728419,0.4456945702326374,0.5064446823896929,1.3602364060951722
401,16.2685,0.4038420317634901,0.44213147704384514,0.5035987826541922,1.3495722914615276
402,16.3066,0.39957238745444773,0.4385683838550528,0.5007585861245744,1.3388993574340748
403,16.3447,0.3952882205457148,0.43500089178578055,0.49792219173221164,1.328211304063707
404,16.3828,0.39098711060400937,0.43142900083602825,0.4950876984084765,1.3175038098485141
405,16.4208,0.3866690576293315,0.427854910446036,0.4922589082906242,1.3067828763659917
406,16.4589,0.3823316411883995,0.4242764211755637,0.489433920310027,1.2960419826739902
407,16.497,0.3779772817144952,0.42069353302461143,0.48661463553531265,1.2852854502744193
408,16.5351,0.3736011383410549,0.4171062459931792,0.48379725182922584,1.27450463616346
409,16.5731,0.36914512066931626,0.41346837183622703,0.4809532531623528,1.263566745667896
410,16.6112,0.36466005779819627,0.4098195004780749,0.47810925449547975,1.2525888127717508
411,16.6493,0.36014837016097695,0.40616183135896283,0.47527095903448946,1.2415811605544294
412,16.6874,0.3556148986242216,0.4024953644788907,0.47243266357349917,1.2305429266766115
413,16.7255,0.351052381888085,0.39882229927809865,0.4696000713183916,1.2194747524845753
414,16.7635,0.34646081995256717,0.39513823687610666,0.4667693801319117,1.2083684369605856
415,16.801599999999997,0.3418426332509499,0.3914453767131546,0.463942491082687,1.1972305010467914
416,16.8397,0.33719540134995135,0.38773931990876265,0.46111750310208977,1.1860522243608038
417,16.8778,0.33251670381628984,0.38402446534341067,0.45829441619012024,1.174835585349821
418,16.9158,0.3278065406499653,0.3802942146963787,0.4554751314154058,1.1635758867617498
419,16.9539,0.32306733228425955,0.37655296684814676,0.45265774770931905,1.1522780468417253
420,16.992,0.31829181741932716,0.3727963229182349,0.4498441661404874,1.1409323064780494
421,17.030099999999997,0.31348725735501354,0.3690242829066431,0.4470305845716558,1.1295421248333124
422,17.068099999999998,0.3086488112247552,0.36523684681337126,0.4442189040714517,1.1181045621095782
423,17.1062,0.3037764790285521,0.36143401463841945,0.4414110257085029,1.1066215193754745
424,17.144299999999998,0.29887268119968596,0.35761138750130766,0.438603147345554,1.0950872160465477
425,17.1824,0.293934997304875,0.35376896540203595,0.43579717005123275,1.0835011327581436
426,17.2204,0.2889682682106828,0.34990894778084436,0.43299119275691145,1.0718684087484385
427,17.2585,0.28397007348382763,0.3460269357572527,0.43018901759984535,1.0601860268409256
428,17.296599999999998,0.2789428335575912,0.3421229293312611,0.42738494137415173,1.048450704263004
429,17.3347,0.27385508279931053,0.3381683357797497,0.4245675576680649,1.0365909762471253
430,17.372700000000002,0.26870440077570384,0.3341631551027183,0.42173306434432983,1.024600620222752
431,17.4108,0.2635319348525612,0.33012938170256706,0.41890047208922226,1.0125617886443505
432,17.448900000000002,0.2583401054631644,0.3260670155792958,0.4160659787654872,1.0004730998079474
433,17.487,0.25313617390735876,0.32197825617314463,0.4132314854417521,0.9883459155222554
434,17.5251,0.2479201401851443,0.31785650516339353,0.41039509104938937,0.9761717363979272
435,17.5631,0.242701686029648,0.3137039619902825,0.40755869665702665,0.9639643446769572
436,17.601200000000002,0.2374861363940899,0.3095206266538115,0.40472040119603636,0.9517271642439378
437,17.6393,0.2322766378417362,0.30530210027350063,0.40188020466641855,0.9394589427816553
438,17.677400000000002,0.2270821459757294,0.3010483828493498,0.39903810706817305,0.9271686358932523
439,17.715400000000002,0.22190895392260226,0.2967594743813591,0.39619410840130004,0.9148625367052614
440,17.7535,0.2167640809388718,0.2924353748695284,0.3933463075971718,0.902545763405572
441,17.7916,0.21165503036771155,0.2880738848736179,0.39049660572441597,0.8902255209657455
442,17.8297,0.2065890635089668,0.28367500439362736,0.38764310171440497,0.8779071696169991
443,17.8677,0.20157392574913924,0.2792387334295569,0.3847838944985112,0.8655965536772073
444,17.9058,0.19661542612810506,0.2747650719814066,0.38192278621398984,0.8533032843235016
445,17.943900000000003,0.191721310032366,0.27025621948941636,0.37905597472358576,0.8410335042453682
446,17.982,0.1868978705884546,0.26570997651334616,0.37618346002729885,0.8287913071290997
447,18.02,0.18215019070626262,0.26112634305319604,0.3733052421251292,0.8165817758845879
448,18.0581,0.17748456351232267,0.256511917429686,0.37042132101707675,0.8044178019590854
449,18.0962,0.17290534578654188,0.25186450020257606,0.3675316967031416,0.7923015426922595
450,18.1343,0.16841592613551476,0.24718849025234615,0.3646325670460685,0.7802369834339294
451,18.1723,0.16402090338247666,0.24248608701923632,0.3617277341831126,0.7682347245848256
452,18.2104,0.15969365276132816,0.2377286977801266,0.35879628635937044,0.7562186369008252
453,18.2485,0.15544942300174433,0.23292951917645693,0.3558439267807248,0.7442228689589261
454,18.2866,0.15130781961330758,0.22811494449110736,0.3528801607903137,0.7323029248947286
455,18.3246,0.14727102098597147,0.22329377148503776,0.34990688945676457,0.7204716819277739
456,18.3627,0.14333854303307964,0.21846885943056016,0.34692221171144993,0.7087296141750897
457,18.4008,0.13951062779796028,0.21364790636851458,0.34392422648574217,0.697082760652217
458,18.4389,0.13576161868782663,0.20875305211440515,0.34077035363257213,0.6852850244348039
459,18.477,0.13211886659876268,0.20388239170293568,0.33759937116175376,0.6736006294634521
460,18.515,0.12858188744411206,0.19904516278311413,0.33441508121054236,0.6620421314377685
461,18.553099999999997,0.1251492289639058,0.19424928333980448,0.3312136816416825,0.6506121939453928
462,18.5912,0.12181822868153382,0.18950201152579876,0.32799517245517446,0.639315412662507
463,18.6293,0.1185867082070426,0.18480994566181688,0.3247595536510181,0.6281562075198777
464,18.6673,0.11545297323713488,0.1801810037327229,0.32150492416058585,0.6171389011304436
465,18.7054,0.11241411925187257,0.17562090428314073,0.3182312839838777,0.606266307518891
466,18.7435,0.1094674837746457,0.17113536585769443,0.3149367320522661,0.5955395816846062
467,18.781599999999997,0.10661064637217248,0.1667298870569839,0.3116193672971234,0.5849599007262798
468,18.819599999999998,0.10384118661117117,0.16240930664953723,0.30827918971844964,0.574529682979158
469,18.8577,0.10115619997170364,0.15817714373973837,0.30491429824761723,0.5642476419590592
470,18.895799999999998,0.09855302397715994,0.15403713737599534,0.30152469288462613,0.5541148542377814
471,18.9339,0.09602948023758646,0.14999148699854806,0.2981084725608488,0.5441294397969834
472,18.9719,0.09358266423304511,0.14604217210361262,0.29466563727628525,0.534290473612943
473,19.01,0.09121039757358226,0.14219095224338094,0.29119238489368027,0.5245937347106435
474,19.048099999999998,0.08891001778258799,0.13843848724992502,0.28768681434440624,0.5150353193769193
475,19.0862,0.08667886238345235,0.1347847771232449,0.2841527277657184,0.5056163672724157
476,19.124200000000002,0.08451233255293997,0.1312247631507886,0.2805787187458512,0.4963158144495798
477,19.1623,0.08239881021129833,0.12774194953075613,0.27694767766715633,0.4870884374092108
478,19.200400000000002,0.08034894526496728,0.12435789077749942,0.27328051628453726,0.47798735232700396
479,19.2385,0.07836031728066499,0.12107126722687453,0.26957533352936647,0.469006918036906
480,19.2766,0.07643098991176607,0.11788053927071343,0.26583212940164386,0.46014365858412337
481,19.3146,0.0745590268116451,0.11478394735682411,0.26204900283274185,0.45139197700121103
482,19.352700000000002,0.07274224959034849,0.1117797319330146,0.25822405275403293,0.442746034277396
483,19.3908,0.070978963944579,0.10886525367099689,0.2543610813027722,0.4342052989183481
484,19.428900000000002,0.06926699148438303,0.106038753018579,0.2504543852730769,0.42576012977603894
485,19.466900000000003,0.06760487994979153,0.1032975906474729,0.2465077668022023,0.4174102373994667
486,19.505,0.06599069299417906,0.10063956711743866,0.24251932482152067,0.40914958493313835
487,19.5431,0.06442273631424841,0.09806226304421223,0.23848905933103215,0.40097405868949276
488,19.5812,0.06289955765003052,0.09556325904352961,0.23442077246799184,0.39288358916155197
489,19.6192,0.061419704741556294,0.09314013573112685,0.23031256316377213,0.38487240363645525
490,19.6573,0.0599817253288567,0.09079047372273992,0.22616823355562826,0.3769404326072249
491,19.695400000000003,0.05858392510863449,0.08851185363410484,0.22199158578081535,0.3690873645235547
492,19.7335,0.057225093864248774,0.08630229596900561,0.21778261983933345,0.36131000967258786
493,19.7715,0.05590402137905868,0.08415916139915425,0.2135451378684377,0.3536083206466506
494,19.8096,0.054619255393095124,0.08208047042833473,0.2092867441426385,0.34598646996406834
495,19.8477,0.05336982773304541,0.0800638036722831,0.2050093397305634,0.3384429711358919
496,19.8858,0.05215428613894049,0.07810740157880731,0.20072052890672273,0.3309822166244706
497,19.9238,0.05097190448079581,0.07620884476364341,0.19642601487699932,0.3236067641214385
498,19.9619,0.04982123049864232,0.0743663736745994,0.19213150084727593,0.31631910502051763
499,20.0,0.04870153806249549,0.07257800881545926,0.18784421087833736,0.3091237577562921
