,Windt Energy [keV],S08 Windt EA [cm^2],S09 Windt EA [cm^2],S10 Windt EA [cm^2],S08+S09+S10 EA [cm^2]
0,1.0,2.2811833346365518,2.078083925313272,1.8045893947387985,6.163856654688622
1,1.03808,2.280624214548463,2.077626441743353,1.8042738173466188,6.162524473638435
2,1.0761500000000002,2.2799561749626944,2.0770765816833543,1.8038859993465906,6.16091875599264
3,1.11423,2.279087239414539,2.076352965844396,1.803361304405376,6.158801509664311
4,1.1522999999999999,2.278046453103378,2.075477588628878,1.8027168421406234,6.156240883872879
5,1.1903800000000002,2.276858020362029,2.07447684331968,1.8019716232386085,6.153306486920317
6,1.22846,2.275541304656746,2.073363926558242,1.8011389551797246,6.150044186394713
7,1.26653,2.2741786007191096,2.072211419872485,1.8002777710914268,6.146667791683021
8,1.3046099999999998,2.272750545082865,2.0710017277404873,1.799370961356067,6.143123234179418
9,1.3426900000000002,2.271160320416742,2.0696534708733703,1.7983557907089343,6.139169581999047
10,1.38076,2.2694176084538675,2.0681732475918535,1.797234160218657,6.134825016264378
11,1.4188399999999999,2.2675030457279877,2.066543462374017,1.7959965645420963,6.130043072644101
12,1.4569100000000001,2.265426313972229,2.064770713540581,1.7946449047478807,6.124841932260691
13,1.49499,2.263214037952691,2.0628813943744246,1.7932038947281683,6.119299327055283
14,1.53307,2.2608395929032747,2.060851311032909,1.791650721659428,6.113341625595612
15,1.5711400000000002,2.2582400475586533,2.058625477510034,1.7899416609632257,6.106807186031913
16,1.60922,2.255369413686474,2.0561621044412397,1.7880424934042642,6.099574011531978
17,1.64729,2.2522034869539187,2.0534435963046054,1.7859418125707784,6.091588895829302
18,1.6853699999999998,2.2486478704629986,2.050384174930772,1.7835673778549201,6.082599423248691
19,1.7234500000000001,2.244704984646995,2.046983840319739,1.7809229913939437,6.072611816360677
20,1.76152,2.240256228275102,2.0431436176607076,1.7779269072368635,6.061326753172673
21,1.7995999999999999,2.2350934440850865,2.038678753973517,1.7744289409621,6.048201139020703
22,1.83768,2.2289407026828267,2.033347310831769,1.770238985706894,6.032526999221489
23,1.87575,2.2210718740837923,2.0265136500061036,1.7648437529417966,6.012429277031693
24,1.91383,2.2105841366738828,2.017385973010123,1.7576044836079379,5.985574593291943
25,1.9519000000000002,2.1953015209327864,2.004055165715512,1.7469908174601088,5.946347504108408
26,1.98998,2.168461336271238,1.9805915372352427,1.7282291711744335,5.877282044680914
27,2.02806,2.008923317369928,1.8406279581229048,1.6155471304113544,5.465098405904188
28,2.0661300000000002,1.8585103319408907,1.7079115346013516,1.5075721355701857,5.073994002112428
29,2.10421,1.732722834720582,1.5968068108779916,1.4169805122596901,4.746510157858264
30,2.1422800000000004,1.8624580586234576,1.7114350378658238,1.510507385531183,5.084400482020465
31,2.1803600000000003,1.9211099979073099,1.763249451039632,1.55276433898523,5.2371237879321715
32,2.21844,1.9475774358434657,1.7866470963127015,1.571873880829754,5.306098412985921
33,2.25651,1.9644817418833478,1.8016120877056292,1.584124367065937,5.350218196654914
34,2.2945900000000004,1.976341864964021,1.8121276114930465,1.5927609218410737,5.3812303982981415
35,2.3326700000000002,1.9849489257139954,1.8197794640879899,1.5990743707532964,5.403802760555282
36,2.3707399999999996,1.9911888027143987,1.8253484467756578,1.6036977696555927,5.420235019145649
37,2.40882,1.9954874922228223,1.8292062649566094,1.6069371905970042,5.431630947776436
38,2.44689,1.9978837211717746,1.8313903091149248,1.6088230506755725,5.4380970809622715
39,2.4849699999999997,1.9978304716395756,1.831418901838045,1.6089618286853866,5.438211202163007
40,2.52305,1.9913025630786418,1.8257531437798171,1.6044905152732973,5.421546222131756
41,2.56112,1.9254934025805954,1.767824286738822,1.5575721415444024,5.250889830863819
42,2.5991999999999997,1.9725272621119514,1.8093475190296926,1.591394053497837,5.373268834639481
43,2.63727,1.981635352551252,1.817448057433595,1.5980858150669501,5.3971692250517975
44,2.67535,1.9871248952343066,1.8223660058102245,1.6021940243711699,5.411684925415701
45,2.71343,1.9909370776530946,1.8258015314650968,1.6051064615086361,5.421845070626827
46,2.7515,1.9936407016288318,1.8282649045338917,1.6072280540970254,5.429133660259749
47,2.78958,1.9954003566246785,1.829899088632208,1.6086804705285034,5.43397991578539
48,2.82766,1.9961071231429555,1.8306073083894865,1.6093838659207111,5.436098297453153
49,2.86573,1.9952551306277724,1.8299430774370078,1.6089789383030346,5.434177146367815
50,2.90381,1.9791713514704101,1.8158688593412784,1.59770750241006,5.392747713221748
51,2.9418800000000003,1.9823058125703026,1.8187039378106322,1.6001199584984702,5.401129708879405
52,2.97996,1.985950985092648,1.822003098170625,1.6029297379300467,5.41088382119332
53,3.01804,1.987466176327036,1.823426136005902,1.6042205635281799,5.415112875861118
54,3.0561100000000003,1.9881729428453132,1.8241387546436605,1.6049372664007808,5.4172489638897545
55,3.09419,1.9882407149772026,1.8242883165799801,1.605199613871388,5.4177286454285705
56,3.13226,1.9860647454568914,1.8224671800612642,1.603863162626193,5.412395088144349
57,3.17034,1.9777868636332376,1.8152706115959996,1.5981732642238191,5.391230739453056
58,3.2084200000000003,1.975993322571446,1.8137749922328028,1.5970953583119762,5.386863673116225
59,3.2464899999999997,1.9796965854925543,1.8171313380390357,1.5999602687337529,5.396788192265343
60,3.28457,1.9799797761865212,1.8174766501567148,1.6003861081063329,5.397842534449569
61,3.32265,1.9798079254235157,1.817421664150715,1.6004906668808503,5.397720256455081
62,3.3607199999999997,1.979372247432797,1.8171335374792756,1.6004070198612363,5.39691280477331
63,3.3988,1.9787913434451725,1.8167222421543965,1.6002245172729876,5.395738102872556
64,3.43687,1.9780748951937683,1.8161899776163177,1.599945060184732,5.394209932994818
65,3.4749499999999998,1.977150289680132,1.8154751595383192,1.5995192208121523,5.3921446700306035
66,3.51303,1.976150650734761,1.814694358253121,1.5990420525866273,5.389887061574509
67,3.5511,1.975078398790937,1.8138519726412026,1.5985154565767854,5.387445828008925
68,3.58918,1.9738221939176983,1.8128490278917648,1.597859587900267,5.38453080970973
69,3.62725,1.9725151599455424,1.811799894897287,1.5971694999884523,5.381484554831282
70,3.66533,1.971152456007906,1.8107045736577696,1.5964413907040857,5.378298420369761
71,3.70341,1.9696372647735179,1.8094750865636122,1.5956049205079466,5.374717271845077
72,3.74148,1.9680857670399032,1.8082148073060949,1.5947475385569039,5.371048112902902
73,3.77956,1.9664713380409626,1.8068995420425777,1.5938445309587992,5.36721541104234
74,3.81764,1.9647431486777789,1.805483102528021,1.5928635795469634,5.363089830752763
75,3.85571,1.9629859141152137,1.8040446686110638,1.591861716380224,5.358892299106501
76,3.89379,1.9611294417880962,1.8025182570845073,1.5907914147428914,5.354439113615495
77,3.93186,1.9592172994954977,1.8009434578726704,1.589683091733007,5.349843849101175
78,3.9699400000000002,1.9572736915702365,1.799340065937714,1.5885557580368468,5.345169515544797
79,4.00802,1.9552211641472954,1.7976420980724377,1.5873504805269554,5.3402137427466885
80,4.04609,1.9531541141246638,1.7959331330059614,1.5861356976739263,5.335222944804551
81,4.08417,1.950992667204043,1.7941427886506052,1.5848562784875588,5.329991734342207
82,4.12224,1.948794913784196,1.7923172532514091,1.5835521454090329,5.324664312444638
83,4.16032,1.9465608538651222,1.7904631251290932,1.5822232984383482,5.319247277432563
84,4.1983999999999995,1.944244499214468,1.7885364154788572,1.5808374194088357,5.313618334102161
85,4.236470000000001,1.9419233036972507,1.7866053069481416,1.5794496393106958,5.307978249956088
86,4.2745500000000005,1.9394883478157898,1.784577423046866,1.577982014330197,5.302047785192853
87,4.31262,1.9370533919343293,1.7825495391455901,1.576516290418326,5.2961192214982455
88,4.3507,1.9345385617545703,1.7804468742761548,1.5749935344476274,5.289978970478352
89,4.38878,1.9319995272419934,1.7783288133250392,1.5734555699279078,5.2837839104949405
90,4.42685,1.9294024023306542,1.776157965808164,1.5718776829670091,5.277438051105827
91,4.464930000000001,1.9267641300535248,1.7739519272474489,1.5702712799766965,5.2709873372776705
92,4.503010000000001,1.924087130843887,1.7717106976428938,1.5686382620255974,5.264436090512378
93,4.54108,1.9213520412354868,1.7694210803530586,1.5669672227019469,5.257740344290492
94,4.57916,1.9185951677275508,1.7671094686608237,1.5652771726920203,5.250981809080395
95,4.617229999999999,1.9157729425210068,1.7647428709625887,1.5635452991722867,5.244061112655882
96,4.65531,1.9129361947147725,1.7623652760631539,1.5618020192407878,5.237103490018714
97,4.69339,1.9100268339100848,1.7599238973967593,1.560011212593599,5.229961943900443
98,4.73146,1.9071102118055518,1.7574737209694045,1.5582128016719,5.222796734446856
99,4.76954,1.9041209767025657,1.75496196021533,1.5563649629658836,5.215447899883779
100,4.80762,1.9011244802997345,1.7524436011405353,1.554511421053984,5.208079502494254
101,4.845689999999999,1.8980602117650136,1.749865857179261,1.5526122534950229,5.200538322439297
102,4.88377,1.8949862614971658,1.7472793154570265,1.550705481661551,5.192971058615743
103,4.92184,1.8918518003972733,1.7446399871690323,1.5487549852496447,5.185246772815951
104,4.95992,1.8887003962644087,1.7419852627993577,1.5467949834946007,5.177480642558367
105,4.998,1.885495742599345,1.7392865496248837,1.5447988614356323,5.169581153659861
106,5.03607,1.882266884601464,1.7365636426077697,1.542783728690388,5.161614255899622
107,5.0741499999999995,1.8789968792377927,1.7338077439870554,1.5407419809843574,5.153546604209206
108,5.112220000000001,1.8756905673748945,1.7310166543225016,1.5386736183175407,5.145380840014937
109,5.1503000000000005,1.8723600511791791,1.7282079691360277,1.5365900471017033,5.137158067416911
110,5.18838,1.8689787058845464,1.7253508962642738,1.534468454513314,5.128798056662134
111,5.22645,1.865590099290068,1.72249162395228,1.5323449608562971,5.120426684098645
112,5.26453,1.8621337205637005,1.7195707673135663,1.530172039414963,5.11187652729223
113,5.3026,1.8586894440037418,1.7166609078760526,1.528008623316767,5.103358975196562
114,5.34068,1.855160452278921,1.7136762674703792,1.5257843730224878,5.0946210927717885
115,5.378760000000001,1.8516387218539454,1.7107004248256654,1.523567727002719,5.08590687368233
116,5.41683,1.8480613214634893,1.707671795615192,1.5213092574731435,5.077042374551825
117,5.45491,1.844464557606779,1.7046299697632785,1.5190393815318022,5.06813390890186
118,5.49299,1.8408387485506874,1.7015595511882453,1.5167466927669297,5.059144992505862
119,5.53106,1.8371717921288058,1.6984517421291319,1.514425487972644,5.050049022230581
120,5.56914,1.8334999948403605,1.6953439330700186,1.5121023821097301,5.040946310020109
121,5.60721,1.8297604254200257,1.6921723402439455,1.5097279473938716,5.031660713057843
122,5.64529,1.8260281172995365,1.6890095451788323,1.5073611169525234,5.022398779430892
123,5.68337,1.8222377187802845,1.6857961629881992,1.5049543640699958,5.012988245838479
124,5.721439999999999,1.818432797661342,1.6825695841561261,1.5025362047757025,5.00353858659317
125,5.75952,1.8146060926428635,1.6793232103618931,1.5001028369323888,4.994032139937145
126,5.7976,1.8107309789587498,1.6760328477628603,1.4976333487851508,4.984397175506761
127,5.83567,1.8068631265744808,1.6727490834845475,1.4951676627751678,4.974779872834196
128,5.87375,1.802925081625041,1.6694059343197545,1.4926544500494954,4.964985465994291
129,5.91182,1.7989870366756011,1.666058386274482,1.4901412373238228,4.955186660273906
130,5.9498999999999995,1.7950199465267802,1.662688843826809,1.4876052117746192,4.9453140021282085
131,5.987979999999999,1.791009288578887,1.6592819108950567,1.4850406701960017,4.9353318696699455
132,6.026050000000001,1.7870058919308394,1.6558771774035437,1.4824799307546392,4.925363000089022
133,6.0641300000000005,1.7829371435841839,1.6524174579060313,1.4798716645975873,4.915226266087803
134,6.1022,1.7788659748042466,1.648953339528039,1.4772595963032802,4.905078910635566
135,6.14028,1.7747730221247733,1.6454694261878864,1.4746342205285798,4.89487666884124
136,6.17836,1.7706340812129466,1.641945922923414,1.4719746255185828,4.884554629654944
137,6.21643,1.7664975607344016,1.6384268185394215,1.4693169315772134,4.874241310851037
138,6.25451,1.7623126315902213,1.6348615259103891,1.46662311733192,4.86379727483253
139,6.292590000000001,1.7581107594130683,1.631280837199677,1.463917896674861,4.853309493287606
140,6.33066,1.7539064668026336,1.6276979490487247,1.4612088738805467,4.842813289731905
141,6.36874,1.7496392429268732,1.6240600748917726,1.458456126507798,4.832155444326444
142,6.40681,1.7453744394843942,1.6204265996153004,1.4557052802036767,4.821506319303371
143,6.44489,1.7410854317090976,1.6167689304961883,1.4529354232132796,4.8107897854185655
144,6.48297,1.7367601174345746,1.6130760703332363,1.4501370501934687,4.79997323796128
145,6.52104,1.7324348031600516,1.6093876090507642,1.4473405782422852,4.789162990453101
146,6.55912,1.7280683415197382,1.6056595578439723,1.4445117881244331,4.778239687488144
147,6.597189999999999,1.7236800959798892,1.6019139111152603,1.4416696905261877,4.767263697621337
148,6.63527,1.7192966913066037,1.5981704638267884,1.4388275929279422,4.756294748061334
149,6.67335,1.7148551962345555,1.5943764294127967,1.4359436718198897,4.745175297467242
150,6.71142,1.710408860295944,1.5905779961183248,1.4330559485745822,4.734042804988851
151,6.7495,1.7059601039240506,1.5867751639433731,1.4301663242606468,4.72290159212807
152,6.78758,1.7014556775866765,1.5829217446429016,1.4272329753682773,4.711610397597855
153,6.8256499999999996,1.6969512512493024,1.5790705247826697,1.424301527544535,4.700323303576507
154,6.863729999999999,1.6924371431788012,1.5752105071614781,1.421360574377655,4.689008224717934
155,6.901800000000001,1.6878746264426645,1.5713065007354867,1.4183854019754782,4.67756652915363
156,6.9398800000000005,1.6833145301398098,1.567404693749735,1.4154102295733018,4.666129453462847
157,6.97796,1.6787399112372645,1.5634874906823033,1.4124236507593595,4.654651052678927
158,7.01603,1.674121724535647,1.559532897130792,1.4094028527101206,4.643057474376559
159,7.05411,1.6695059582673115,1.5555783035792805,1.4063858567981369,4.631470118644729
160,7.09218,1.6648708285327218,1.551608313946089,1.403351751268505,4.619830893747316
161,7.13026,1.660196971865624,1.5476031332690576,1.4002891297094593,4.608089234844141
162,7.16834,1.6555255356318077,1.5435979525920265,1.397228409219041,4.596351897442875
163,7.20641,1.650837156365019,1.539579575273555,1.3941524801796021,4.5845692118181764
164,7.24449,1.6461100501657222,1.5355238074710036,1.3910480351107495,4.572681892747475
165,7.28257,1.641385364399707,1.5314702391086925,1.3879435900418966,4.560799193550296
166,7.32064,1.636646156034001,1.5274034741049414,1.3848277385612784,4.548877368700221
167,7.35872,1.631868220735787,1.5233015180573504,1.3816833710512464,4.536853109844384
168,7.39679,1.6270927058708549,1.5192017614499989,1.3785371024725865,4.52483156979344
169,7.43487,1.622309929706077,1.5150932070816878,1.3753851306880442,4.512788267475809
170,7.47295,1.6174811653089458,1.5109450627890568,1.372198939668205,4.5006251677662075
171,7.51102,1.6126548213450964,1.5067969184964258,1.369012748648366,4.488464488489888
172,7.5491,1.6078284773812468,1.502650973644035,1.365826557628527,4.4763060086538085
173,7.58717,1.6029513043184802,1.4984544416661238,1.3626004441675086,4.464006190152112
174,7.62525,1.5980741312557134,1.4942623085686928,1.35937433070649,4.451710770530896
175,7.66333,1.5931993786262284,1.4900679760310218,1.3561463161768441,4.439413670834094
176,7.7014,1.5882834786309534,1.485838452449511,1.3528897856177844,4.4270117166982486
177,7.7394799999999995,1.5833627377691148,1.4816023305472803,1.3496237497155865,4.414588818031982
178,7.77755,1.5784419969072765,1.4773662086450494,1.3463596148820163,4.402167820434342
179,7.8156300000000005,1.5734946312793383,1.4731058929001786,1.343072667224915,4.389673191404432
180,7.85371,1.5685254817518646,1.4688257821931479,1.3397686099501653,4.377119873895178
181,7.89178,1.5635587526576722,1.4645456714861171,1.3364664537440434,4.364570877887832
182,7.92986,1.5585799213970712,1.4602567630181265,1.3331528911261559,4.351989575541354
183,7.96794,1.5535672040705253,1.4559326635062957,1.3298108124788546,4.339310680055675
184,8.00601,1.5485569071772616,1.451610763434705,1.326468733831553,4.326636404443519
185,8.04409,1.5435466102839974,1.4472910628033544,1.3231285562528796,4.313966229340232
186,8.08216,1.538495166024943,1.4429317722476838,1.319754159438909,4.3011810977115355
187,8.120239999999999,1.5334413013326074,1.4385702822517732,1.3163759604876837,4.288387544072064
188,8.15832,1.5283898570735532,1.4342087922558626,1.312997761536458,4.275596410865874
189,8.19639,1.523319049348245,1.4298297067380321,1.309602452967584,4.262751209053861
190,8.23447,1.5182240372901188,1.4254286268178016,1.3061881337124346,4.2498407978203545
191,8.272540000000001,1.513129025231993,1.4210275468975713,1.302771913388657,4.236928485518222
192,8.31062,1.5080388540404304,1.4166286664175807,1.2993575941335074,4.224025114591519
193,8.348700000000001,1.5029051150497963,1.4121879965730302,1.295909055643061,4.211002167265887
194,8.38677,1.4977713760591618,1.4077495261687196,1.292458616083987,4.197979518311868
195,8.424850000000001,1.492642477935091,1.4033132552046494,1.2890081765249133,4.1849639096646545
196,8.46293,1.4874942163447662,1.398857189278419,1.2855425284168185,4.171893934040003
197,8.501,1.4823217504216235,1.3943813283900286,1.282057869622448,4.1587609484341
198,8.53908,1.4771517049317628,1.3899054675016385,1.2785732108280776,4.145630383261479
199,8.57715,1.4719865003084653,1.385434005493728,1.2750866509650796,4.132507156767273
200,8.61523,1.4667849891859415,1.3809273524419776,1.2715734761412951,4.119285817769215
201,8.65331,1.461581057630136,1.3764184999499876,1.2680564991802556,4.106056056760379
202,8.691379999999999,1.4563819669408937,1.371911846898237,1.264539522219216,4.092833336058346
203,8.72946,1.4511731945185244,1.3673963960855269,1.2610149409836662,4.0795845315877175
204,8.76754,1.4459353768967742,1.3628523525496967,1.25746374478733,4.066251474233801
205,8.80561,1.4406975592750235,1.3583083090138663,1.2539125485909939,4.0529184168798835
206,8.84369,1.4354645825198367,1.3537686643585163,1.2503613523946577,4.039594599273011
207,8.88176,1.4302122422983958,1.3492092247410061,1.2467949476493008,4.026216414688703
208,8.91984,1.4249429590439824,1.3446343890418162,1.2432133343549232,4.012790682440722
209,8.95792,1.4196785166561325,1.340061752782866,1.2396298199919182,3.9993700894309168
210,8.995989999999999,1.4144164947015645,1.3354913159641557,1.2360482066975407,3.985956017363261
211,9.03407,1.409125427547615,1.3308922864223258,1.2324418795110044,3.972459593480945
212,9.07214,1.4038270990938204,1.3262866585597757,1.2288279480499578,3.9589417057035536
213,9.11022,1.3985336115065892,1.3216832301374655,1.2252140165889114,3.945430858232966
214,9.148299999999999,1.39324254435264,1.3170842005956356,1.2216019861964924,3.931928731144768
215,9.18637,1.387915170699464,1.3124499800099656,1.2179595387060318,3.9183246894154613
216,9.224450000000001,1.3825902174795697,1.3078157594242954,1.214315190146944,3.904721167050809
217,9.26253,1.3772701051262393,1.3031837382788656,1.2106708415878558,3.8911246849929606
218,9.300600000000001,1.3719524132061904,1.2985539165736755,1.2070283940973954,3.8775347238772615
219,9.33868,1.3665959943536332,1.2938867043844058,1.2033517273716383,3.863834426109677
220,9.37675,1.3612444163676396,1.2892238910756157,1.199676961714509,3.8501452691577644
221,9.41483,1.3558976792482096,1.2845654766473056,1.196004097126007,3.8364672530215223
222,9.45291,1.3505533625620612,1.2799048627787557,1.1923293314688779,3.822787556809695
223,9.49098,1.3451727393766861,1.275211257306606,1.188624148713707,3.809008145396999
224,9.52906,1.3397945366245931,1.270522050714936,1.1849208670271636,3.795237454366693
225,9.567129999999999,1.3344235951723455,1.2658350435635062,1.1812175853406206,3.7814762240764725
226,9.60521,1.3290550741533793,1.2611502358523163,1.1775143036540772,3.7677196136597733
227,9.64329,1.3236478262019051,1.2564280376570465,1.173778703800865,3.7538545676598165
228,9.68136,1.3182454191169943,1.251710238342257,1.1700431039476527,3.7399987614069037
229,9.71944,1.3128502733319287,1.246996837907947,1.166309405163068,3.7261565164029435
230,9.757520000000001,1.307459968413427,1.242285636913877,1.162577607447111,3.712323212774415
231,9.79559,1.3020285161291347,1.2375370454357275,1.1588134915644848,3.6983790531293472
232,9.83367,1.2966019047114064,1.2327928528380576,1.1550493756818587,3.684444133231323
233,9.871739999999999,1.2911801341602414,1.2280508596806279,1.1512871608678603,3.6705181547087298
234,9.90982,1.2857680453422036,1.223315464843918,1.1475249460538617,3.656608456239983
235,9.947899999999999,1.2803293317580662,1.2185558761645683,1.1437456216222148,3.6426308295448493
236,9.98597,1.2748954590404926,1.2137984869254586,1.139962495053313,3.628656441019264
237,10.024,1.2694664271894822,1.209045496566829,1.1361831706216663,3.6146950943779776
238,10.062100000000001,1.2640446566383172,1.2042969050886791,1.1324038461900192,3.6007454079170156
239,10.100200000000001,1.2585890000212077,1.1995153220069295,1.1285979067975862,3.5867022288257235
240,10.1383,1.2531164003711253,1.19472054228374,1.1247767588561326,3.5726137015109973
241,10.1764,1.2476510620208885,1.18992796200079,1.1209575119833064,3.5585365360049845
242,10.2144,1.2421929849704971,1.1851419800385605,1.1171401661791078,3.5444751311881655
243,10.2525,1.2367155444538513,1.1803384025544108,1.1133057107572608,3.5303596577655227
244,10.2906,1.2311993770046976,1.1754974345861813,1.1094408382373726,3.5161376498282517
245,10.328700000000001,1.2256904708553888,1.1706608654984318,1.1055759657174844,3.501927302071305
246,10.366700000000002,1.2201888260059255,1.1658308947314022,1.1017148953348512,3.4877346160721787
247,10.4048,1.2146920220230255,1.1610053228448527,1.0978557260208455,3.4735530708887232
248,10.4429,1.2091153437418274,1.1561027705499032,1.093931920373502,3.4591500346652326
249,10.481,1.2035435063271926,1.151206816575674,1.0900119168634137,3.44476223976628
250,10.519,1.1979789302124033,1.1463174609221645,1.0860919133533251,3.430388304487893
251,10.5571,1.1924216153974592,1.1414325041491349,1.082175711980492,3.4160298315270863
252,10.5952,1.1867965284506257,1.1364837636091456,1.0782081817547138,3.401488473814485
253,10.633299999999998,1.1811254532714384,1.1314932337045962,1.074202630156384,3.386821317132419
254,10.671299999999999,1.1754592189588147,1.126509302120767,1.0701989796266815,3.3721675007062633
255,10.7094,1.1698002459460362,1.121529769417418,1.066197230165607,3.3575272455290612
256,10.7475,1.164129170766849,1.1165348406323887,1.0621840742927666,3.3428480856920046
257,10.7856,1.158254779191993,1.11136395662816,1.0580226350669746,3.327641370887127
258,10.8236,1.1523876489169824,1.106197471504411,1.05386309690981,3.3124482173312035
259,10.8617,1.1465253595085352,1.1010331858209021,1.0497054598212732,3.2972640051507103
260,10.899799999999999,1.1406679109666518,1.0958732990178732,1.045547822732736,3.282089032717261
261,10.937899999999999,1.134474022198602,1.0904142883422052,1.041148749928495,3.2660370604693023
262,10.976,1.1279727384037677,1.0846891453974974,1.0365310542320818,3.249192938033347
263,11.014,1.1214617728758063,1.0789552046918298,1.0319057542611578,3.232322731828794
264,11.052100000000001,1.1149411256147177,1.0732124662252023,1.0272728500157235,3.2154264418556435
265,11.090200000000001,1.1084107966205021,1.0674587305573746,1.0226304404271513,3.198499967605028
266,11.1283,1.0875539230314895,1.049234168728774,1.0079846077202061,3.1447726994804697
267,11.1663,1.060895270866074,1.026113652925944,0.9895898676796556,3.0765987914716737
268,11.2044,1.0280669342654265,0.9979586184137648,0.9675165598447204,2.9935421125239117
269,11.2425,0.8476865643747942,0.8334118957390001,0.8257386637363927,2.506837123850187
270,11.2806,0.9045377012970095,0.8835833270535318,0.8669329198276173,2.6550539481781588
271,11.3186,0.9046756659940703,0.8837174929081715,0.8671116202786108,2.6555047791808524
272,11.3567,0.9047071316267332,0.8837592822727314,0.8672104758472454,2.65567688974671
273,11.3948,0.9046345186282803,0.8837064957069715,0.8672294865335213,2.655570500868773
274,11.4329,0.9044602474319927,0.8835635320913718,0.8671724544746936,2.655196233998058
275,11.4709,0.9031653156262457,0.8824242220470543,0.8662922597001199,2.65188179737342
276,11.509,0.9002704774212488,0.8798662730479397,0.8642410066509515,2.64437775712014
277,11.5471,0.8973707983496884,0.8773039251683453,0.862180248258645,2.6368549717766787
278,11.5852,0.8944662784115641,0.8747327795277908,0.8601137866604559,2.629312844599811
279,11.6232,0.8915544971735947,0.8721572350067565,0.8580397207877564,2.6217514529681076
280,11.661299999999999,0.8882699692102328,0.8692473755692427,0.8556861978268013,2.6132035426062767
281,11.699399999999999,0.8846562623205502,0.8660449905798097,0.8530912391501424,2.603792492050502
282,11.7375,0.8810498167307128,0.8628492039110965,0.8504981815421111,2.5943972021839206
283,11.7756,0.8774506324407206,0.8596556166826234,0.8479070250027074,2.5850132741260516
284,11.813600000000001,0.8738562890172921,0.8564664283346304,0.8453158684633036,2.575638585815226
285,11.851700000000001,0.8700392657319407,0.8530814898052776,0.8425612200219272,2.5656819755591456
286,11.8898,0.8660697551498379,0.8495557871005652,0.8396887053256403,2.5553142475760433
287,11.9279,0.8621099263008619,0.8460410815970528,0.8368218938352362,2.544972901733151
288,11.9659,0.8581597791850132,0.8425307749740205,0.8339588844820873,2.5346494386411207
289,12.004,0.8542193138022915,0.839029266111948,0.8310996772661935,2.5243482571804328
290,12.0421,0.8501215202562549,0.8353869930745158,0.8281226037953893,2.51363111712616
291,12.080200000000001,0.8459002846128478,0.8316369474653239,0.8250542790304608,2.5025915111086325
292,12.1182,0.8416911511358497,0.827893500176852,0.8219916574714149,2.4915763087841167
293,12.1563,0.8374941198252603,0.8241610500895801,0.8189347391182519,2.4805899090330925
294,12.1944,0.83330919068108,0.8204373977632681,0.8158835239709717,2.4696301124153197
295,12.2325,0.8289983990062475,0.8166037734249564,0.8127391564609395,2.458341328892143
296,12.2705,0.8245326996013816,0.812631584351525,0.8094807248332522,2.446645008786159
297,12.3086,0.8200815227962065,0.8086681930390536,0.8062279964114475,2.4349777122467073
298,12.3467,0.8156400277241584,0.804717998368022,0.8029828722641532,2.423340898356334
299,12.384799999999998,0.8112106348185192,0.8007766014579506,0.7997453523913692,2.411732588667839
300,12.422799999999999,0.8066747428484821,0.7967362297370792,0.7964260865675988,2.39983705915316
301,12.460899999999999,0.8018072515188426,0.7924077313447687,0.7928672860967524,2.3870822689603637
302,12.499,0.7969518623556118,0.7880902301536581,0.7893160899004164,2.3743581824096864
303,12.5371,0.7921061549255081,0.7837815267235072,0.7857724979785905,2.3616601796276058
304,12.5752,0.7872701292285315,0.7794816210543166,0.7822365103312751,2.348988260614123
305,12.6132,0.7824462056979639,0.7751905131460859,0.77870812695847,2.3363448458025196
306,12.651299999999999,0.774190107773846,0.7679037676309816,0.7727482768109787,2.3148421522158062
307,12.6894,0.7657984655859492,0.7605070501038775,0.7667104828497563,2.293015998539583
308,12.7275,0.7573003243336546,0.7530289532878937,0.7606137557610786,2.270943033382627
309,12.7655,0.748686002283835,0.7454606794220701,0.754456194476318,2.2486028761822228
310,12.803600000000001,0.739948238136645,0.7378000290661666,0.748235897926847,2.2259841651296584
311,12.841700000000001,0.6240554721722125,0.6326777827955937,0.6579351381163724,1.9146683930841784
312,12.8798,0.6343374727531716,0.6416163079309343,0.665170605312976,1.941124385997082
313,12.9178,0.6437408560528484,0.6497916273029967,0.671797730548751,1.965330213904596
314,12.9559,0.6523285533365686,0.6572609263580206,0.677860238402132,1.9874497180967214
315,12.994,0.6601586550030947,0.6640725927812857,0.6833942491770435,2.007625496961424
316,13.0321,0.6654037339246905,0.668621035197596,0.6870842233831936,2.0211089925054804
317,13.0701,0.6621506715939915,0.6657001785588823,0.6846470534026247,2.0124979035554986
318,13.1082,0.658904870563138,0.6627815213604087,0.6822117844906831,2.00389817641423
319,13.1463,0.6556663308321296,0.6598716619228949,0.6797803177159969,1.9953183104710213
320,13.1844,0.6524350524009664,0.6569640019256212,0.6773507520099382,1.9867498063365259
321,13.2224,0.6492110352696487,0.6540629402490674,0.6749230873725072,1.9781970628912233
322,13.2605,0.6428816022378201,0.6484411709956396,0.670271172440797,1.9615939456742566
323,13.2986,0.6348457637423435,0.641330380699735,0.6644082767933128,1.9405844212353913
324,13.3367,0.6267227896487231,0.6341514077563905,0.6584997554987664,1.9193739529038798
325,13.3747,0.6185102595236773,0.6269064516058461,0.6525475096257853,1.8979642207553087
326,13.412799999999999,0.6102009120673606,0.6195889139273819,0.6465458359684871,1.8763356619632297
327,13.450899999999999,0.5954483712149721,0.6049032514449336,0.6323220404968667,1.8326736631567724
328,13.489,0.5931828456632353,0.602840176499818,0.6305692552222296,1.826592277385283
329,13.5271,0.5909148996782168,0.6007727026742226,0.6288107667417099,1.8204983690941492
330,13.565100000000001,0.5886421128266346,0.598698630527907,0.6270465750553074,1.814387318409849
331,13.603200000000001,0.5863669055417707,0.5966223589413514,0.6252747790943946,1.8082640435775166
332,13.6413,0.5840868573903434,0.5945394890340759,0.6234972799275988,1.8021236263520182
333,13.6794,0.5815042550786946,0.592188287417521,0.6214973557313753,1.7951898982275911
334,13.7174,0.5782826583806587,0.5892784279800073,0.6190354718586476,1.7865965582193137
335,13.7555,0.5750707434157498,0.5863751668632137,0.6165773901231751,1.7780233004021384
336,13.7936,0.5718660897506863,0.5834785040671399,0.6141231105249578,1.769467704342784
337,13.831700000000001,0.5686711178187498,0.5805862401515461,0.6116726330639957,1.7609299910342917
338,13.8697,0.5654834071866587,0.5777027739969123,0.6092278588089163,1.752414039992487
339,13.9078,0.5621770953237607,0.5747137347107588,0.6066937343283403,1.7435845643628598
340,13.9459,0.5587594435299014,0.5716257206138056,0.6040759628281502,1.7344611269718573
341,13.984,0.5553514734691691,0.5685465042778122,0.6014638945338431,1.7253618722808244
342,14.022,0.5519507647082822,0.5654738862625388,0.5988575294454186,1.7162821804162396
343,14.0601,0.5485621581138042,0.5624100660082254,0.596256867562877,1.7072290916849067
344,14.0982,0.5451808128191713,0.559355043514872,0.5936619088862181,1.6981977652202613
345,14.136299999999999,0.5417195932262402,0.5562274394935987,0.5910061160134764,1.6889531487333151
346,14.174299999999999,0.5382099649676736,0.5530580461077657,0.5883142028368104,1.6795822139122496
347,14.212399999999999,0.5347075980089523,0.5498952510426525,0.5856260917973997,1.6702289408490045
348,14.2505,0.5312173332166398,0.5467434531787392,0.5829474861011269,1.6609082724965059
349,14.2886,0.5277367501574545,0.543598253635546,0.5802726825421092,1.6516076863351097
350,14.3267,0.5242658488313962,0.5404640512935528,0.5776054832576019,1.642335383382551
351,14.364700000000001,0.5207368571065755,0.5372792618260397,0.5748964604632877,1.632912579395903
352,14.4028,0.5171788201823735,0.5340658796354066,0.5721627237768148,1.623407423594595
353,14.4409,0.5136280445580168,0.5308612952057336,0.5694365913648523,1.6139259311286027
354,14.479,0.5100893711000689,0.5276677079772605,0.5667161621587724,1.6044732412361018
355,14.517,0.5065579589419664,0.5244807190695073,0.5640033372272031,1.5950420152386768
356,14.5551,0.503036228516991,0.5213047273629542,0.5612962155015164,1.5856371713814617
357,14.593200000000001,0.49947819159278894,0.5180957440528011,0.5585624788150435,1.5761364144606334
358,14.6313,0.495888689035924,0.5148581680195281,0.5558059293050396,1.5665527863604916
359,14.6693,0.492308868212186,0.511631589187455,0.5530550830009184,1.5569955404005593
360,14.7074,0.4887363086882934,0.508411608676102,0.5503118409713075,1.5474597583357028
361,14.7455,0.48517343089752785,0.505202625365949,0.547576203216207,1.5379522594796837
362,14.7836,0.4816202348398894,0.5020024398167559,0.5448462686669894,1.5284689433236345
363,14.8216,0.47805009574927854,0.4987868581858828,0.5421068287746337,1.518943782709795
364,14.8597,0.4744412297261594,0.4955404843916498,0.5393388728528642,1.5093205869706734
365,14.8978,0.4708420454361673,0.4923007089181368,0.5365766201369775,1.4997193744912816
366,14.9359,0.46725012244602054,0.48907193064582377,0.5338219716956012,1.4901440247874456
367,14.9739,0.46366546075571907,0.48584975069423075,0.5310749275287351,1.4805901389786849
368,15.012,0.4600880603652629,0.48263636850359765,0.5283354876363795,1.47105991650524
369,15.0501,0.45651792127465207,0.4794295846336846,0.525599849881279,1.4615473557896155
370,15.0882,0.4528921122185605,0.4761766125187316,0.5228261907536267,1.4518949154909189
371,15.126299999999999,0.44927356446231426,0.47293023872449863,0.5200601359004848,1.4422639390872978
372,15.164299999999999,0.44566227800591335,0.4696948621314656,0.5173016853218533,1.4326588254592323
373,15.202399999999999,0.4420582528493577,0.46646608385915256,0.5145508390177321,1.4230751757262423
374,15.2405,0.43846148899264736,0.46324610334779953,0.5118056959194937,1.4135132882599406
375,15.2786,0.4348695660025006,0.46003272115716654,0.5090681570957656,1.4039704442554326
376,15.316600000000001,0.4312485978129726,0.4567951451238935,0.5063116075857617,1.3943553505226278
377,15.354700000000001,0.42761310702375394,0.4535487713296605,0.5035474538012473,1.3847093321546617
378,15.3928,0.42398245710109883,0.4503089958561475,0.5007890032226158,1.375080456179862
379,15.4309,0.4203566480450073,0.4470780181435945,0.49804005798712214,1.365474724175724
380,15.4689,0.41673567985547927,0.4438536387517614,0.4952968159575113,1.355886134564752
381,15.507,0.41312197296579656,0.44063585768064834,0.49256117820241085,1.3463190088488557
382,15.5451,0.40950100477626855,0.4374202760497753,0.489827441515938,1.3367487223419818
383,15.583200000000001,0.40584130965423215,0.4341695033750623,0.4870670898686788,1.3270779028979733
384,15.6212,0.4021864553987594,0.4309297279015493,0.48431624356455755,1.3174324268648663
385,15.6593,0.39853402157656836,0.4276943513085163,0.4815711004663191,1.3077994733514038
386,15.6974,0.3948840081876592,0.4244633735959633,0.47883166057396354,1.298179042357586
387,15.7355,0.3912364152320316,0.42124119364437024,0.4761017260247458,1.2885793349011476
388,15.7735,0.3875888222764041,0.4180256120134972,0.4733774946814109,1.2789919289713123
389,15.8116,0.383917024987959,0.4147902354204642,0.4706418569263104,1.2693491173347335
390,15.8497,0.3802258642332596,0.4115438616262312,0.46789671382807196,1.2596664396875628
391,15.887799999999999,0.3765347034785603,0.4083018867124782,0.4651591750043439,1.2499957651953824
392,15.9259,0.37284354272386094,0.40506651011944517,0.4624292404551261,1.2403392932984323
393,15.963899999999999,0.3691499615358798,0.4018333329666522,0.45970500911179124,1.2306883036143232
394,16.002,0.3654563803478987,0.39860675413457913,0.4569883820429666,1.2210515165254443
395,16.0401,0.3617603787266358,0.3953845741829861,0.4542774581800248,1.2114224110896468
396,16.078200000000002,0.3580232297395828,0.39213380150827315,0.45154752363080713,1.2017045548786631
397,16.1162,0.3542788194526845,0.38888082939332014,0.44881758908158936,1.191977237927594
398,16.1543,0.3505271478659409,0.3856300567186071,0.446095258806882,1.18225246339143
399,16.1924,0.34677305584591556,0.3823836829243742,0.443380532806685,1.1725372715769748
400,16.2305,0.34301170252604485,0.3791417080106212,0.4406715100123708,1.1628249205490369
401,16.2685,0.3392479287728924,0.3759019325371082,0.4379681904239393,1.1531180517339399
402,16.3066,0.3354720528533311,0.3726621570635952,0.4352724751100182,1.1434066850269446
403,16.3447,0.33165018870141616,0.3693893899864823,0.4325520459039385,1.133591624591837
404,16.3828,0.32782106324965593,0.3661188223496093,0.42983922097236904,1.1237791065716343
405,16.4208,0.3239798356314868,0.3628482547127364,0.42713400031530996,1.113962090659533
406,16.4589,0.3201313467134724,0.3595798865161034,0.4244325817955061,1.104143815025082
407,16.497,0.31627075562904916,0.3563115183194705,0.42173876755021256,1.0943210414987323
408,16.5351,0.31239806237821705,0.35304315012283755,0.4190525575794294,1.084493770080484
409,16.5731,0.30850842609441254,0.3497703830457246,0.4163663476086462,1.0746451567487834
410,16.6112,0.30457038114497265,0.34646682380525173,0.41366302802021476,1.0647002329704391
411,16.6493,0.30061539316256036,0.34316106512453887,0.4109654116376661,1.0547418699247655
412,16.6874,0.2966458825804575,0.339850907563346,0.4082715973923725,1.044768387536176
413,16.7255,0.29266184939866396,0.3365407500021532,0.4055853874215894,1.0347879868224066
414,16.7635,0.28865845275061625,0.33322619356048033,0.402904880656689,1.0247895269677856
415,16.801599999999997,0.28463811306959613,0.3299094376785675,0.40023007709767133,1.014777627845835
416,16.8397,0.2805959894890402,0.3265860834759347,0.3975571746072813,1.004739247572256
417,16.8778,0.27649819594300346,0.32322533878922194,0.39486526143061534,0.9945887961628408
418,16.9158,0.2723786184974308,0.31986019522202924,0.3921790514598322,0.9844178651792923
419,16.9539,0.26823967758560396,0.31648625389387647,0.3894985446949318,0.9742244761744121
420,16.992,0.26407653234095946,0.3131079136852438,0.38682184006728654,0.9640062860934897
421,17.030099999999997,0.2598940236300608,0.3097207757156511,0.3841508386455241,0.953765637991236
422,17.068099999999998,0.2556873105863444,0.30632483998509846,0.3814836393610168,0.9434957899324596
423,17.1062,0.2514588136430921,0.30292010649358575,0.3788221432823923,0.93320106341907
424,17.144299999999998,0.2471746467343591,0.29947358363751325,0.37614163651749194,0.9227898668893644
425,17.1824,0.24286627549280837,0.29601606358024074,0.3734630308212191,0.9123453698942682
426,17.2204,0.23853587830839354,0.29254534688152817,0.37078822726220145,0.9018694524521231
427,17.2585,0.2341856335710682,0.2890614335413757,0.368117225840439,0.8913642929528829
428,17.296599999999998,0.22981529923750418,0.2855643235597833,0.3654500265559317,0.8808296493532191
429,17.3347,0.2254277798276396,0.28205181749651087,0.3627866294086796,0.87026622673283
430,17.372700000000002,0.22102476964477166,0.27852391535155846,0.36012703439868265,0.8596757193950127
431,17.4108,0.21658763135263076,0.2749586227225262,0.35745413190829267,0.8490003859834496
432,17.448900000000002,0.2121294352909385,0.27136693681061397,0.35477552621201985,0.8382718983135724
433,17.487,0.20766543018936998,0.26775545593654176,0.3521007226530022,0.8275216087789139
434,17.5251,0.20319827852453515,0.2641241801003096,0.34942782016261215,0.8167502787874569
435,17.5631,0.19873330524965388,0.2604709098616775,0.34675681874084974,0.8059610338521811
436,17.601200000000002,0.19427535123128978,0.2567978446608854,0.3440896194563424,0.7951628153485176
437,17.6393,0.18982877324935,0.2531027850576934,0.34142242017183516,0.7843539784788786
438,17.677400000000002,0.18539260313052183,0.24937473385090142,0.33875141875007264,0.7735187557314959
439,17.715400000000002,0.18096078979160085,0.24560489327954957,0.3360652087792895,0.7626308918504399
440,17.7535,0.1765587477820456,0.24180865942531776,0.33337899880850635,0.7517464060158697
441,17.7916,0.1721934963583733,0.23798603228820603,0.33069468990635076,0.7408742185529301
442,17.8297,0.16787060251713196,0.23414141074869432,0.3280103810041952,0.7300223942700215
443,17.8677,0.1635966014281824,0.2302681964860627,0.3253260721020396,0.7191908700162848
444,17.9058,0.15937681804474443,0.2263707883807911,0.322641763199884,0.7083893696254195
445,17.943900000000003,0.15521754549335076,0.2224491864328796,0.3199555532291009,0.6976222851553313
446,17.982,0.15110837591088971,0.21848315579212016,0.3172522336406694,0.6868437653436792
447,18.02,0.147065284157021,0.21448633298800077,0.31454321084635517,0.676094827991377
448,18.0581,0.14309843605152806,0.21046751578148146,0.3118303859147858,0.6653963377477954
449,18.0962,0.13921194633098985,0.2064289036128022,0.30911756098321636,0.6547584109270084
450,18.1343,0.13540799338536003,0.20237181614610694,0.3063990328457642,0.6441788423772312
451,18.1723,0.1316902078645612,0.19829933259773175,0.303680504708312,0.633670045170605
452,18.2104,0.12806052611521881,0.19421475212803657,0.30095627336497704,0.6232315516082325
453,18.2485,0.12451822200734831,0.19011807473702141,0.29822633881575933,0.612862635560129
454,18.2866,0.12105458198113535,0.1859961037832463,0.295471690374383,0.6025223761387646
455,18.3246,0.117683402506286,0.1818750126055672,0.2927113387271238,0.592269753838977
456,18.3627,0.11440468358280027,0.17775920008446408,0.28994718494260946,0.5821110686098738
457,18.4008,0.11121745703736545,0.17365394487651298,0.28717542688358483,0.5720468287974633
458,18.4389,0.10812196491330972,0.1695658453024338,0.28439606455004984,0.5620838747657934
459,18.477,0.105116754950664,0.16549996007477857,0.28161099901063197,0.5522277140360745
460,18.515,0.10220013284613108,0.16146244762621928,0.27881452705944865,0.542477107531799
461,18.553099999999997,0.09936774181980373,0.15745330795675594,0.2760028465592447,0.5328238963358043
462,18.5912,0.09661546713510301,0.15347386073053254,0.27316835323550953,0.5232576811011451
463,18.6293,0.09394766557193603,0.14954214135751703,0.2703224535000089,0.5138122604294619
464,18.6673,0.09136288487033378,0.14566474815842942,0.2674670484213703,0.5044946814501335
465,18.7054,0.08885822051035812,0.14184629995777365,0.26459643479371103,0.4953009552618428
466,18.7435,0.08643173614538363,0.13809207541212576,0.2617144147542862,0.4862382263117956
467,18.781599999999997,0.08408125338545672,0.13440647340196574,0.25881718616584065,0.4773049129532631
468,18.819599999999998,0.08180459384062379,0.13079367286374954,0.2559047490283744,0.4685030157327477
469,18.8577,0.07959619051433678,0.12724971480504518,0.2529656969301219,0.45981160224950385
470,18.895799999999998,0.07745434910329844,0.12377877816230867,0.25000002987108316,0.45123315713669027
471,18.9339,0.07537979573749333,0.120389880640524,0.24701535212576853,0.44278502850378587
472,18.9719,0.073370594070296,0.11708456184785913,0.24401356476280558,0.43446872068096076
473,19.01,0.07142456571175286,0.11386414144845809,0.24098896457631158,0.42627767173652253
474,19.048099999999998,0.06953929022858217,0.11072927927439287,0.23794345263491412,0.41821202213788916
475,19.0862,0.06771283127415847,0.10767975538163946,0.23487702893861315,0.4102696155944111
476,19.124200000000002,0.06594325250185637,0.10471578971422185,0.23178589135015357,0.4024449335662318
477,19.1623,0.06422619713176869,0.10183188367154007,0.22866053452639734,0.3947186153297061
478,19.200400000000002,0.06256021290392635,0.09902803725359413,0.22549905739871695,0.38708730755623744
479,19.2385,0.060945783904985715,0.09630754962074402,0.2223109653102503,0.37956429883598003
480,19.2766,0.05938073174499319,0.09366888116482171,0.21909435719236983,0.3721439701021847
481,19.3146,0.05786336212065154,0.09111049227765923,0.2158511341137031,0.36482498851201384
482,19.352700000000002,0.0563922227719917,0.08863062340706458,0.21257749393699493,0.35760034011605124
483,19.3908,0.054965377352388246,0.08622729505682178,0.20927533773087295,0.350468010140083
484,19.428900000000002,0.053581373601872116,0.08389852773071481,0.20594086335808195,0.34342076469066884
485,19.466900000000003,0.052237791087161554,0.08163992254826369,0.20257026868136677,0.336447982316792
486,19.505,0.050932209374974786,0.07944840029313241,0.19915594942621706,0.3295365590943242
487,19.5431,0.049665354595296335,0.077325940461537,0.1957131141416535,0.3227044091984868
488,19.5812,0.04843601653148531,0.07526990372518944,0.19224176282767608,0.31594768308435084
489,19.6192,0.047242500880244495,0.07327831058787375,0.1887398043087945,0.3092606157769128
490,19.6573,0.04608383946826117,0.07134918155337391,0.18521180114971494,0.30264482217135
491,19.695400000000003,0.044958822078894435,0.06948031718144995,0.18165870388475122,0.2960978431450956
492,19.7335,0.043866238495503425,0.06766995791990986,0.17808317400998197,0.28961937042539526
493,19.7715,0.042804636458119084,0.06591524449644164,0.17448616205972092,0.28320604301428165
494,19.8096,0.04177135349013144,0.06421155808654133,0.1708585429045557,0.2768414544812285
495,19.8477,0.04076759980818139,0.0625606582424009,0.16721932723076222,0.2705475852813445
496,19.8858,0.03979216519562805,0.060960785411828346,0.16357307760304662,0.264326028210503
497,19.9238,0.03884408147915872,0.05940974015458369,0.15992492690670346,0.25817874854044587
498,19.9619,0.03792238048546068,0.05790620280652294,0.15628038824075272,0.25210897153273637
499,20.0,0.0370263360845494,0.056448413815454096,0.1526457351316654,0.2461204850316689
